"ID","TURID","TYPE","NAME","CODE","UNITS","UPPERLIMIT","LOWERLIMIT","PRECISION","DISPINDEX","VALUEDES","VALUEEXP","SAVEINDEX","FORMULATE","ADJUSTFLAG","CHECKCLASS","ADJUSTUP","ADJUSTDOWN","PARAMREL","DEVICEFLAG","EVAFLAG","EVALIMITFLAG","EVALIMITVALUE","EVAGOODPARAM","EVABADPARAM","ISBASEVALUE","INPUTFLAG","FLAG","LOCAT","ALARM","MEMO","ROWID"
"29","16","1","燃机转角","rjzj","","","","","29","","","2","","","","","","","","1","1","","","","1","0","1","","","","AAAhYhAAGAADe+EAAA"
"31","16","1","燃机转速","rjzs","","","","","31","","","3","","","","","","","","1","1","","","","1","0","1","","","","AAAhYhAAGAADe+EAAB"
"25","16","1","燃机功率","rjgl","MW","","","","25","","","1","","","1","","","","","1","1","","","","1","0","1","","","","AAAhYhAAGAADe+EAAC"
"33","16","1","化学补水量","bsl","","","","","33","","","4","","","","","","","","1","1","","","","1","0","1","","","","AAAhYhAAGAADe+EAAD"
"39","16","1","余热锅炉高压蒸汽流量","glgyzqll","t/h","","","","39","","","106","","","","","","","","1","1","","","","1","0","1","","","","AAAhYhAAGAADe+EAAE"
"41","16","1","进气入口压差","jqrkyc","MPa","","","","41","","","6","","0","","","","","0","1","1","","","","1","","1","","","","AAAhYhAAGAADe+EAAF"
"43","16","1","余热锅炉高压蒸汽温度","glgyzqwd","℃","","","","43","","","107","","","","","","","","1","1","","","","1","0","1","","","","AAAhYhAAGAADe+EAAG"
"73","16","1","压气机6级抽气量","yqjcql6","t/h","","","","73","","","13","","0","","","","","0","1","1","","","","1","","1","","","","AAAhYhAAGAADe+EAAH"
"75","16","1","余热锅炉冷再热蒸汽温度","gllzrzqwd","℃","","","","75","","","116","","","","","","","","1","1","","","","1","0","1","","","","AAAhYhAAGAADe+EAAI"
"77","16","1","压气机11级抽气量","yqjcql11","t/h","","","","77","","","14","","0","","","","","0","1","1","","","","1","","1","","","","AAAhYhAAGAADe+EAAJ"
"79","16","1","余热锅炉冷再热蒸汽流量","gllzrzqll","t/h","","","","79","","","117","","","","","","","","1","1","","","","1","0","1","","","","AAAhYhAAGAADe+EAAK"
"89","16","1","压气机侧轴承瓦振Y","yqjwz2","","","","","89","","","17","","0","","","","","0","1","1","","","","1","","1","","","","AAAhYhAAGAADe+EAAL"
"91","16","1","余热锅炉热再热蒸汽压力","glrzrzqyl","MPa","","","","91","","","120","","","","","","","","1","1","","","","1","0","1","","","","AAAhYhAAGAADe+EAAM"
"93","16","1","余热锅炉轴封加热器出口凝结水温度","glzfjrqcknjswd","℃","","","","93","","","121","","","","","","","","1","1","","","","1","0","1","","","","AAAhYhAAGAADe+EAAN"
"95","16","1","压气机侧轴振X","yqjzz1","","","","","95","","","18","","0","","","","","0","1","1","","","","1","","1","","","","AAAhYhAAGAADe+EAAO"
"97","16","1","压气机侧轴振Y","yqjzz2","","","","","97","","","19","","0","","","","","0","1","1","","","","1","","1","","","","AAAhYhAAGAADe+EAAP"
"99","16","1","汽机功率","qjgl","MW","","","","99","","","122","","","","","","","","1","1","","","","1","0","1","","","","AAAhYhAAGAADe+EAAQ"
"101","16","1","压气机侧轴承回油温度","yqjzcyw","℃","","","","101","","","20","","0","","","","","0","1","1","","","","1","","1","","","","AAAhYhAAGAADe+EAAR"
"103","16","1","汽机转速","qjzs","","","","","103","","","123","","","","","","","","1","1","","","","1","0","1","","","","AAAhYhAAGAADe+EAAS"
"105","16","1","压气机侧轴承金属温度","yqjzcjw","℃","","","","105","","","21","","0","","","","","0","1","1","","","","1","","1","","","","AAAhYhAAGAADe+EAAT"
"109","16","1","高压缸入口蒸汽压力","zygrkzqyl","MPa","","","","109","","","125","","","","","","","","1","1","","","","1","0","1","","","","AAAhYhAAGAADe+EAAU"
"111","16","1","水洗消耗除盐水成本","sxxhcyscb","","","","","111","","","22","","0","","","","","0","1","1","","","","1","","1","","","","AAAhYhAAGAADe+EAAV"
"113","16","1","一次离线水洗停机时间","lxsxtjsj","","","","","113","","","23","","0","","","","","0","1","1","","","","1","","1","","","","AAAhYhAAGAADe+EAAW"
"115","16","1","天然气价格","trqjg","","","","","115","","","24","","0","","","","","0","1","1","","","","1","","1","","","","AAAhYhAAGAADe+EAAX"
"119","16","1","1#燃烧室压力","rssP1","MPa","","","","119","","","26","","0","","","","","0","1","1","","","","1","","1","","","","AAAhYhAAGAADe+EAAY"
"121","16","1","2#燃烧室压力","rssP2","MPa","","","","121","","","27","","0","","","","","0","1","1","","","","1","","1","","","","AAAhYhAAGAADe+EAAZ"
"123","16","1","3#燃烧室压力","rssP3","MPa","","","","123","","","28","","0","","","","","0","1","1","","","","1","","1","","","","AAAhYhAAGAADe+EAAa"
"125","16","1","4#燃烧室压力","rssP4","MPa","","","","125","","","29","","0","","","","","0","1","1","","","","1","","1","","","","AAAhYhAAGAADe+EAAb"
"127","16","1","5#燃烧室压力","rssP5","MPa","","","","127","","","30","","0","","","","","0","1","1","","","","1","","1","","","","AAAhYhAAGAADe+EAAc"
"129","16","1","高压缸入口蒸汽温度","gygrkzqwd","℃","","","","129","","","126","","","","","","","","1","1","","","","1","0","1","","","","AAAhYhAAGAADe+EAAd"
"131","16","1","6#燃烧室压力","rssP6","MPa","","","","131","","","31","","0","","","","","0","1","1","","","","1","","1","","","","AAAhYhAAGAADe+EAAe"
"133","16","1","7#燃烧室压力","rssP7","MPa","","","","133","","","32","","0","","","","","0","1","1","","","","1","","1","","","","AAAhYhAAGAADe+EAAf"
"135","16","1","高压缸排汽压力","gygpqyl","MPa","","","","135","","","127","","","","","","","","1","1","","","","1","0","1","","","","AAAhYhAAGAADe+EAAg"
"141","16","1","9#燃烧室压力","rssP9","MPa","","","","141","","","34","","0","","","","","0","1","1","","","","1","","1","","","","AAAhYhAAGAADe+EAAh"
"143","16","1","10#燃烧室压力","rssP10","MPa","","","","143","","","35","","0","","","","","0","1","1","","","","1","","1","","","","AAAhYhAAGAADe+EAAi"
"145","16","1","11#燃烧室压力","rssP11","MPa","","","","145","","","36","","0","","","","","0","1","1","","","","1","","1","","","","AAAhYhAAGAADe+EAAj"
"147","16","1","12#燃烧室压力","rssP12","MPa","","","","147","","","37","","0","","","","","0","1","1","","","","1","","1","","","","AAAhYhAAGAADe+EAAk"
"153","16","1","15#燃烧室压力","rssP15","MPa","","","","153","","","40","","0","","","","","0","1","1","","","","1","","1","","","","AAAhYhAAGAADe+EAAl"
"155","16","1","16#燃烧室压力","rssP16","MPa","","","","155","","","41","","0","","","","","0","1","1","","","","1","","1","","","","AAAhYhAAGAADe+EAAm"
"157","16","1","中压缸进口蒸汽压力","zygjkzqyl","MPa","","","","157","","","129","","0","","","","","0","1","1","","","","1","","1","","","","AAAhYhAAGAADe+EAAn"
"159","16","1","17#燃烧室压力","rssP17","MPa","","","","159","","","42","","0","","","","","0","1","1","","","","1","","1","","","","AAAhYhAAGAADe+EAAo"
"161","16","1","18#燃烧室压力","rssP18","MPa","","","","161","","","43","","0","","","","","0","1","1","","","","1","","1","","","","AAAhYhAAGAADe+EAAp"
"163","16","1","中压缸入口蒸汽温度","zygrkzqwd","℃","","","","163","","","130","","","","","","","","1","1","","","","1","0","1","","","","AAAhYhAAGAADe+EAAq"
"167","16","1","20#燃烧室压力","rssP20","MPa","","","","167","","","45","","0","","","","","0","1","1","","","","1","","1","","","","AAAhYhAAGAADe+EAAr"
"169","16","1","中压缸排汽压力","zygpqyl","MPa","","","","169","","","131","","","","","","","","1","1","","","","1","0","1","","","","AAAhYhAAGAADe+EAAs"
"175","16","1","#18火焰探测2","hytc18_2","","","","","175","","","47","","0","","","","","0","1","1","","","","1","","1","","","","AAAhYhAAGAADe+EAAt"
"177","16","1","低压缸入口蒸汽压力","dygrkzqyl","MPa","","","","177","","","133","","","","","","","","1","1","","","","1","0","1","","","","AAAhYhAAGAADe+EAAu"
"179","16","1","#19火焰探测1","hytc19_1","","","","","179","","","48","","0","","","","","0","1","1","","","","1","","1","","","","AAAhYhAAGAADe+EAAv"
"181","16","1","低压缸入口蒸汽温度","dygrkzqwd","℃","","","","181","","","134","","","","","","","","1","1","","","","1","0","1","","","","AAAhYhAAGAADe+EAAw"
"187","16","1","凝汽器真空","nqqzk","kPa","","","","187","","","136","","","","","","","","1","1","","","","1","0","1","","","","AAAhYhAAGAADe+EAAx"
"189","16","1","循环水入口温度","xhsrkwd","℃","","","","189","","","137","","","","","","","","1","1","","","","1","0","1","","","","AAAhYhAAGAADe+EAAy"
"191","16","1","汽机1#轴承瓦振 ","qjwz1","","","","","191","","","138","","","","","","","","1","1","","","","1","0","1","","","","AAAhYhAAGAADe+EAAz"
"193","16","1","汽机1#轴承轴振X","qjzzx1","","","","","193","","","139","","","","","","","","1","1","","","","1","0","1","","","","AAAhYhAAGAADe+EAA0"
"199","16","1","#3压力振动加速度传感器","rssjP3","MPa","","","","199","","","50","","0","","","","","0","1","1","","","","1","","1","","","","AAAhYhAAGAADe+EAA1"
"201","16","1","汽机2#轴承轴振X","qjzzx2","","","","","201","","","142","","","","","","","","1","1","","","","1","0","1","","","","AAAhYhAAGAADe+EAA2"
"203","16","1","汽机2#轴承轴振Y","qjzzy2","","","","","203","","","143","","","","","","","","1","1","","","","1","0","1","","","","AAAhYhAAGAADe+EAA3"
"205","16","1","#13压力振动加速度传感器","rssjP13","MPa","","","","205","","","51","","0","","","","","0","1","1","","","","1","","1","","","","AAAhYhAAGAADe+EAA4"
"207","16","1","汽机3#轴承瓦振 ","qjwz3","","","","","207","","","144","","","","","","","","1","1","","","","1","0","1","","","","AAAhYhAAGAADe+EAA5"
"211","16","1","汽机3#轴承轴振X","qjzzx3","","","","","211","","","145","","","","","","","","1","1","","","","1","0","1","","","","AAAhYhAAGAADe+EAA6"
"213","16","1","#18压力振动加速度传感器","rssjP18","MPa","","","","213","","","53","","0","","","","","0","1","1","","","","1","","1","","","","AAAhYhAAGAADe+EAA7"
"215","16","1","汽机3#轴承轴振Y","qjzzy3","","","","","215","","","146","","","","","","","","1","1","","","","1","0","1","","","","AAAhYhAAGAADe+EAA8"
"217","16","1","燃压缸温度","rygwd","℃","","","","217","","","54","","0","","","","","0","1","1","","","","1","","1","","","","AAAhYhAAGAADe+EAA9"
"219","16","1","汽机4#轴承瓦振 ","qjwz4","","","","","219","","","147","","","","","","","","1","1","","","","1","0","1","","","","AAAhYhAAGAADe+EAA+"
"227","16","1","燃机C罩壳燃气泄露","rjzkxlc","","","","","227","","","57","","0","","","","","0","1","1","","","","1","","1","","","","AAAhYhAAGAADe+EAA/"
"229","16","1","汽机4#轴承轴振Y","qjzzy4","","","","","229","","","149","","","","","","","","1","1","","","","1","0","1","","","","AAAhYhAAGAADe+EABA"
"233","16","1","燃料小间罩壳燃气泄漏","rjzkxlxj","1","","","","233","","","58","","0","","","","","0","1","1","","","","1","","1","","","","AAAhYhAAGAADe+EABB"
"235","16","1","汽机5#轴承轴振X","qjzzx5","","","","","235","","","151","","","","","","","","1","1","","","","1","0","1","","","","AAAhYhAAGAADe+EABC"
"251","16","1","燃气透平出口温度","rqtpckwd","℃","","","","251","","","63","","","","","","","","1","1","","","","1","0","1","","","","AAAhYhAAGAADe+EABD"
"253","16","1","汽轮机电机母线电压A","qljdjmxdya","","","","","253","","","156","","0","","","","","0","1","1","","","","1","","1","","","","AAAhYhAAGAADe+EABE"
"255","16","1","燃气透平出口压力","rqtpckyl","MPa","","","","255","","","64","","","","","","","","1","1","","","","1","0","1","","","","AAAhYhAAGAADe+EABF"
"257","16","1","汽轮机电机母线电流A","qljdjmxdla","A","","","","257","","","157","","0","","","","","0","1","1","","","","1","","1","","","","AAAhYhAAGAADe+EABG"
"259","16","1","TCA冷却水流量","lqsll","t/h","","","","259","","","65","","","","","","","","1","1","","","","1","0","1","","","","AAAhYhAAGAADe+EABH"
"263","16","1","TCA冷却水温度","lqswd","℃","","","","263","","","66","","","","","","","","1","1","","","","1","0","1","","","","AAAhYhAAGAADe+EABI"
"265","16","1","燃机电机母线电压A","rjmxdya","","","","","265","","","102","","0","","","","","0","1","1","","","","1","","1","","","","AAAhYhAAGAADe+EABJ"
"267","16","1","排气流量（标况下）","rjpqll","t/h","","","","267","","","67","","","","","","","","1","1","","","","1","0","1","","","","AAAhYhAAGAADe+EABK"
"269","16","1","透平侧瓦振Ｘ","tpwz1","","","","","269","","","68","","0","","","","","0","1","1","","","","1","","1","","","","AAAhYhAAGAADe+EABL"
"271","16","1","燃机电机母线电流A","rjmxdla","","","","","271","","","101","","0","1","","","","0","1","1","","","","1","","1","","","","AAAhYhAAGAADe+EABM"
"283","16","1","励磁机轴振Ｙ","lcjzzy2","","","","","283","","","98","","0","","","","","0","1","1","","","","1","","1","","","","AAAhYhAAGAADe+EABN"
"285","16","1","透平侧轴承回油温度","tpzcyw","℃","","","","285","","","72","","0","","","","","0","1","1","","","","1","","1","","","","AAAhYhAAGAADe+EABO"
"287","16","1","透平侧轴承金属温度","tpzcjw","℃","","","","287","","","73","","0","","","","","0","1","1","","","","1","","1","","","","AAAhYhAAGAADe+EABP"
"293","16","1","透平23级间温度","tp23wd","℃","","","","293","","","76","","0","","","","","0","1","1","","","","1","","1","","","","AAAhYhAAGAADe+EABQ"
"295","16","1","透平34级间温度","tp34wd","℃","","","","295","","","77","","0","","","","","0","1","1","","","","1","","1","","","","AAAhYhAAGAADe+EABR"
"305","16","1","燃机推力轴承金属温度","rjtlzcjw","℃","","","","305","","","81","","","","","","","","1","1","","","","1","0","1","","","","AAAhYhAAGAADe+EABS"
"313","16","1","电机前轴承瓦振Ｙ","djqwz2","","","","","313","","","84","","","","","","","","1","1","","","","1","0","1","","","","AAAhYhAAGAADe+EABT"
"315","16","1","电机前轴承轴振Ｘ","djqzz1","","","","","315","","","85","","","","","","","","1","1","","","","1","0","1","","","","AAAhYhAAGAADe+EABU"
"317","16","1","电机前轴承轴振Ｙ","djqzz2","","","","","317","","","86","","","","","","","","1","1","","","","1","0","1","","","","AAAhYhAAGAADe+EABV"
"319","16","1","电机前轴承回油温度","djqzcyw","℃","","","","319","","","87","","","","","","","","1","1","","","","1","0","1","","","","AAAhYhAAGAADe+EABW"
"321","16","1","电机前轴承金属温度","djqzcjw","℃","","","","321","","","88","","","","","","","","1","1","","","","1","0","1","","","","AAAhYhAAGAADe+EABX"
"638","16","1","机组热负荷","jzrfh","","","","","638","","","166","","","1","","","","","1","1","","","","1","0","1","","","","AAAhYhAAGAADe+EABY"
"640","16","1","大气相对湿度","dqxdsd","%","","","","640","","","167","","0","","","","","0","1","1","","","","1","","1","","","","AAAhYhAAGAADe+EABZ"
"642","16","1","大气温度","dqwd","%","","","","642","","","168","","0","","","","","0","1","1","","","","1","","1","","","","AAAhYhAAGAADe+EABa"
"644","16","1","大气压力","dqy","MPa","","","","644","","","169","","","","","","","","1","1","","","","1","0","1","","","","AAAhYhAAGAADe+EABb"
"27","16","1","余热锅炉进口烟温度","gljkywd","℃","","","","27","","","104","","0","","","","","0","1","1","","","","1","","1","","","","AAAhYhAAGAADe+FAAA"
"35","16","1","余热锅炉排烟温度","glpywd","℃","","","","35","","","105","","","","","","","","1","1","","","","1","0","1","","","","AAAhYhAAGAADe+FAAB"
"37","16","1","燃机鉴相","rjjx","","","","","37","","","5","","","","","","","","1","1","","","","1","0","1","","","","AAAhYhAAGAADe+FAAC"
"45","16","1","压气机进口温度","yqjjkwd","℃","","","","45","","","7","","0","","","","","0","1","1","","","","1","","1","","","","AAAhYhAAGAADe+FAAD"
"47","16","1","余热锅炉高压气包出口蒸汽压力","glgyqbckzqyl","MPa","","","","47","","","108","","","","","","","","1","1","","","","1","0","1","","","","AAAhYhAAGAADe+FAAE"
"49","16","1","压气机进口压力","yqjjkyl","MPa","","","","49","","","8","","0","","","","","0","1","1","","","","1","","1","","","","AAAhYhAAGAADe+FAAF"
"51","16","1","余热锅炉中压蒸汽流量","glzyzqll","t/h","","","","51","","","109","","","","","","","","1","1","","","","1","0","1","","","","AAAhYhAAGAADe+FAAG"
"53","16","1","压气机出口温度","yqjckwd","℃","","","","53","","","9","","0","","","","","0","1","1","","","","1","","1","","","","AAAhYhAAGAADe+FAAH"
"55","16","1","余热锅炉中压蒸汽温度","glzyzqwd","℃","","","","55","","","110","","","","","","","","1","1","","","","1","0","1","","","","AAAhYhAAGAADe+FAAI"
"57","16","1","压气机出口压力","yqjckyl","MPa","","","","57","","","10","","0","","","","","0","1","1","","","","1","","1","","","","AAAhYhAAGAADe+FAAJ"
"59","16","1","余热锅炉中压蒸汽压力","glzyzqyl","MPa","","","","59","","","111","","","","","","","","1","1","","","","1","0","1","","","","AAAhYhAAGAADe+FAAK"
"61","16","1","余热锅炉低压蒸汽流量","gldyzqll","t/h","","","","61","","","112","","","","","","","","1","1","","","","1","0","1","","","","AAAhYhAAGAADe+FAAL"
"63","16","1","压气机进气流量","yqjjql","t/h","","","","63","","","11","","0","","","","","0","1","1","","","","1","","1","","","","AAAhYhAAGAADe+FAAM"
"65","16","1","余热锅炉低压蒸汽温度","gldyzqwd","℃","","","","65","","","113","","","","","","","","1","1","","","","1","0","1","","","","AAAhYhAAGAADe+FAAN"
"67","16","1","余热锅炉低压蒸汽压力","gldyzqyl","MPa","","","","67","","","114","","","","","","","","1","1","","","","1","0","1","","","","AAAhYhAAGAADe+FAAO"
"69","16","1","IGV开度","igv","%","","","","69","","","12","","0","","","","","0","1","1","","","","1","","1","","","","AAAhYhAAGAADe+FAAP"
"71","16","1","余热锅炉冷再热蒸汽压力","gllzrzqyl","MPa","","","","71","","","115","","","","","","","","1","1","","","","1","0","1","","","","AAAhYhAAGAADe+FAAQ"
"81","16","1","压气机14级抽气量","yqjcql14","t/h","","","","81","","","15","","0","","","","","0","1","1","","","","1","","1","","","","AAAhYhAAGAADe+FAAR"
"83","16","1","余热锅炉热再热蒸汽流量","glrzrzqll","t/h","","","","83","","","118","","","","","","","","1","1","","","","1","0","1","","","","AAAhYhAAGAADe+FAAS"
"85","16","1","余热锅炉热再热蒸汽温度","glrzrzqwd","℃","","","","85","","","119","","","","","","","","1","1","","","","1","0","1","","","","AAAhYhAAGAADe+FAAT"
"87","16","1","压气机侧轴承瓦振X","yqjwz1","","","","","87","","","16","","0","","","","","0","1","1","","","","1","","1","","","","AAAhYhAAGAADe+FAAU"
"107","16","1","汽机转角","qjzj","","","","","107","","","124","","","","","","","","1","1","","","","1","0","1","","","","AAAhYhAAGAADe+FAAV"
"117","16","1","上网电价","swdj","","","","","117","","","25","","0","","","","","0","1","1","","","","1","","1","","","","AAAhYhAAGAADe+FAAW"
"137","16","1","8#燃烧室压力","rssP8","MPa","","","","137","","","33","","0","","","","","0","1","1","","","","1","","1","","","","AAAhYhAAGAADe+FAAX"
"139","16","1","高压缸排汽温度","gygpqwd","℃","","","","139","","","128","","","","","","","","1","1","","","","1","0","1","","","","AAAhYhAAGAADe+FAAY"
"149","16","1","13#燃烧室压力","rssP13","MPa","","","","149","","","38","","0","","","","","0","1","1","","","","1","","1","","","","AAAhYhAAGAADe+FAAZ"
"151","16","1","14#燃烧室压力","rssP14","MPa","","","","151","","","39","","0","","","","","0","1","1","","","","1","","1","","","","AAAhYhAAGAADe+FAAa"
"165","16","1","19#燃烧室压力","rssP19","MPa","","","","165","","","44","","0","","","","","0","1","1","","","","1","","1","","","","AAAhYhAAGAADe+FAAb"
"171","16","1","中压缸排汽温度","zygpqwd","℃","","","","171","","","132","","","","","","","","1","1","","","","1","0","1","","","","AAAhYhAAGAADe+FAAc"
"173","16","1","#18火焰探测1","hytc18_1","","","","","173","","","46","","0","","","","","0","1","1","","","","1","","1","","","","AAAhYhAAGAADe+FAAd"
"183","16","1","#19火焰探测2","hytc19_2","","","","","183","","","49","","0","","","","","0","1","1","","","","1","","1","","","","AAAhYhAAGAADe+FAAe"
"185","16","1","低压缸排汽温度","dygpqwd","℃","","","","185","","","135","","","","","","","","1","1","","","","1","0","1","","","","AAAhYhAAGAADe+FAAf"
"195","16","1","汽机1#轴承轴振Y","qjzzy1","","","","","195","","","140","","","","","","","","1","1","","","","1","0","1","","","","AAAhYhAAGAADe+FAAg"
"197","16","1","汽机2#轴承瓦振 ","qjwz2","","","","","197","","","141","","","","","","","","1","1","","","","1","0","1","","","","AAAhYhAAGAADe+FAAh"
"209","16","1","#8压力振动加速度传感器","rssjP8","MPa","","","","209","","","52","","0","","","","","0","1","1","","","","1","","1","","","","AAAhYhAAGAADe+FAAi"
"221","16","1","汽机4#轴承轴振X","qjzzx4","","","","","221","","","148","","","","","","","","1","1","","","","1","0","1","","","","AAAhYhAAGAADe+FAAj"
"223","16","1","燃机A罩壳燃气泄漏","rjzkxla","","","","","223","","","55","","0","","","","","0","1","1","","","","1","","1","","","","AAAhYhAAGAADe+FAAk"
"225","16","1","燃机B罩壳燃气泄露","rjzkxlb","","","","","225","","","56","","0","","","","","0","1","1","","","","1","","1","","","","AAAhYhAAGAADe+FAAl"
"231","16","1","汽机5#轴承瓦振 ","qjwz5","","","","","231","","","150","","","","","","","","1","1","","","","1","0","1","","","","AAAhYhAAGAADe+FAAm"
"237","16","1","天然气流量（标况下）","rjtrqll","t/h","","","","237","","","59","","0","","","","","0","1","1","","","","1","","1","","","","AAAhYhAAGAADe+FAAn"
"239","16","1","汽机5#轴承轴振Y","qjzzy5","","","","","239","","","152","","","","","","","","1","1","","","","1","0","1","","","","AAAhYhAAGAADe+FAAo"
"241","16","1","汽机6#轴承瓦振 ","qjwz6","","","","","241","","","153","","","","","","","","1","1","","","","1","0","1","","","","AAAhYhAAGAADe+FAAp"
"243","16","1","天然气温度","trqwd","℃","","","","243","","","60","","0","","","","","0","1","1","","","","1","","1","","","","AAAhYhAAGAADe+FAAq"
"245","16","1","汽机6#轴承轴振X","qjzzx6","","","","","245","","","154","","","","","","","","1","1","","","","1","0","1","","","","AAAhYhAAGAADe+FAAr"
"247","16","1","天然气压力","trqyl","MPa","","","","247","","","61","","0","","","","","0","1","1","","","","1","","1","","","","AAAhYhAAGAADe+FAAs"
"249","16","1","汽机6#轴承轴振Y","qjzzy6","","","","","249","","","155","","","","","","","","1","1","","","","1","0","1","","","","AAAhYhAAGAADe+FAAt"
"261","16","1","补氢量","bhl","","","","","261","","","103","","","","","","","","1","1","","","","1","0","1","","","","AAAhYhAAGAADe+FAAu"
"273","16","1","透平侧瓦振Ｙ","tpwz2","","","","","273","","","69","","0","","","","","0","1","1","","","","1","","1","","","","AAAhYhAAGAADe+FAAv"
"275","16","1","透平侧轴振Ｘ","tpzz1","","","","","275","","","70","","0","","","","","0","1","1","","","","1","","1","","","","AAAhYhAAGAADe+FAAw"
"277","16","1","励磁机轴承金属温度","lcjzcjw","℃","","","","277","","","100","","","","","","","","1","1","","","","1","0","1","","","","AAAhYhAAGAADe+FAAx"
"279","16","1","透平侧轴振Ｙ","tpzz2","","","","","279","","","71","","0","","","","","0","1","1","","","","1","","1","","","","AAAhYhAAGAADe+FAAy"
"281","16","1","励磁机轴承回油温度","lcjzcyw","℃","","","","281","","","99","","","","","","","","1","1","","","","1","0","1","","","","AAAhYhAAGAADe+FAAz"
"289","16","1","透平缸温度","tpgwd","℃","58.0000","89.0000","","289","","","74","","0","","","","","0","1","1","","","","1","","1","","","","AAAhYhAAGAADe+FAA0"
"291","16","1","透平12级间温度","tp12wd","℃","","","","291","","","75","","0","","","","","0","1","1","","","","1","","1","","","","AAAhYhAAGAADe+FAA1"
"297","16","1","燃机电机推力轴承金属温度","rjdjtlzcwd","℃","","","","297","","","78","","","","","","","","1","1","","","","1","0","1","","","","AAAhYhAAGAADe+FAA2"
"299","16","1","励磁机轴振Ｘ","lcjzzx1","","","","","299","","","97","","0","","","","","0","1","1","","","","1","","1","","","","AAAhYhAAGAADe+FAA3"
"301","16","1","燃机电机推力轴承推力","rjdjtlzctl","","","","","301","","","79","","","","","","","","1","1","","","","1","0","1","","","","AAAhYhAAGAADe+FAA4"
"303","16","1","燃机推力轴承回油温度","rjtlzcyw","℃","","","","303","","","80","","","","","","","","1","1","","","","1","0","1","","","","AAAhYhAAGAADe+FAA5"
"307","16","1","燃机推力轴承推力","rjtlzctl","","","","","307","","","82","","","","","","","","1","1","","","","1","0","1","","","","AAAhYhAAGAADe+FAA6"
"309","16","1","励磁机轴承瓦振Ｙ","lcjwz2","","","","","309","","","96","","0","","","","","0","1","1","","","","1","","1","","","","AAAhYhAAGAADe+FAA7"
"311","16","1","电机前轴承瓦振Ｘ","djqwz1","","","","","311","","","83","","","","","","","","1","1","","","","1","0","1","","","","AAAhYhAAGAADe+FAA8"
"323","16","1","电机后轴承瓦振Ｘ","djhwz1","1","","","","323","","","89","","","","","","","","1","1","","","","1","0","1","","","","AAAhYhAAGAADe+FAA9"
"325","16","1","电机后轴承金属温度","djhzcjw","℃","","","","325","","","94","","0","","","","","0","1","1","","","","1","","1","","","","AAAhYhAAGAADe+FAA+"
"327","16","1","励磁机轴承瓦振Ｘ","lcjwz1","","","","","327","","","95","","","","","","","","1","1","","","","1","0","1","","","","AAAhYhAAGAADe+FAA/"
"329","16","1","电机后轴承瓦振Ｙ","djhwz2","","","","","329","","","90","","","","","","","","1","1","","","","1","0","1","","","","AAAhYhAAGAADe+FABA"
"602","16","1","燃机电机母线电流B","rjmxdlb","A","","","","602","","","158","","","","","","","","1","1","","","","1","0","1","","","","AAAhYhAAGAADe+GAAA"
"604","16","1","燃机电机母线电流C","rjmxdlc","A","","","","604","","","159","","","1","","","","","1","1","","","","1","0","1","","","","AAAhYhAAGAADe+GAAB"
"606","16","1","燃机电机母线电压B","rjmxdyb","","","","","606","","","160","","","","","","","","1","1","","","","1","0","1","","","","AAAhYhAAGAADe+GAAC"
"608","16","1","燃机电机母线电压C","rjmxdyc","","","","","608","","","161","","","","","","","","1","1","","","","1","0","1","","","","AAAhYhAAGAADe+GAAD"
"610","16","1","汽轮机电机母线电流B","qljdjmxdlb","A","","","","610","","","162","","","","","","","","1","1","","","","1","0","1","","","","AAAhYhAAGAADe+GAAE"
"612","16","1","汽轮机电机母线电流C","qljdjmxdlc","A","","","","612","","","163","","","","","","","","1","1","","","","1","0","1","","","","AAAhYhAAGAADe+GAAF"
"614","16","1","汽轮机电机母线电压B","qljdjmxdyb","","","","","614","","","164","","","","","","","","1","1","","","","1","0","1","","","","AAAhYhAAGAADe+GAAG"
"616","16","1","汽轮机电机母线电压C","qljdjmxdyc","","","","","616","","","165","","","","","","","","1","1","","","","1","0","1","","","","AAAhYhAAGAADe+GAAH"
"3073","13","1","压气机侧轴承瓦振Y","yqjwz2","","","","","89","","","17","","0","","","","","0","1","1","","","","1","","1","","","","AAAhYhAAGAADe+GAAI"
"3075","13","1","压气机侧轴振X","yqjzz1","","","","","95","","","18","","0","","","","","0","1","1","","","","1","","1","","","","AAAhYhAAGAADe+GAAJ"
"3077","13","1","压气机侧轴振Y","yqjzz2","","","","","97","","","19","","0","","","","","0","1","1","","","","1","","1","","","","AAAhYhAAGAADe+GAAK"
"3079","13","1","压气机侧轴承回油温度","yqjzcyw","℃","","","","101","","","20","","0","","","","","0","1","1","","","","1","","1","","","","AAAhYhAAGAADe+GAAL"
"3081","13","1","压气机侧轴承金属温度","yqjzcjw","℃","","","","105","","","21","","0","","","","","0","1","1","","","","1","","1","","","","AAAhYhAAGAADe+GAAM"
"3083","13","1","水洗消耗除盐水成本","sxxhcyscb","","","","","111","","","22","","0","","","","","0","1","1","","","","1","","1","","","","AAAhYhAAGAADe+GAAN"
"3085","13","1","一次离线水洗停机时间","lxsxtjsj","","","","","113","","","23","","0","","","","","0","1","1","","","","1","","1","","","","AAAhYhAAGAADe+GAAO"
"3087","13","1","天然气价格","trqjg","","","","","115","","","24","","0","","","","","0","1","1","","","","1","","1","","","","AAAhYhAAGAADe+GAAP"
"3089","13","1","压气机进口温度","yqjjkwd","℃","","","","45","","","7","","0","","","","","0","1","1","","","","1","","1","","","","AAAhYhAAGAADe+GAAQ"
"3091","13","1","压气机进口压力","yqjjkyl","MPa","","","","49","","","8","","0","","","","","0","1","1","","","","1","","1","","","","AAAhYhAAGAADe+GAAR"
"3093","13","1","压气机出口温度","yqjckwd","℃","","","","53","","","9","","0","","","","","0","1","1","","","","1","","1","","","","AAAhYhAAGAADe+GAAS"
"3095","13","1","压气机出口压力","yqjckyl","MPa","","","","57","","","10","","0","","","","","0","1","1","","","","1","","1","","","","AAAhYhAAGAADe+GAAT"
"3097","13","1","压气机进气流量","yqjjql","t/h","","","","63","","","11","","0","","","","","0","1","1","","","","1","","1","","","","AAAhYhAAGAADe+GAAU"
"3099","13","1","IGV开度","igv","%","","","","69","","","12","","0","","","","","0","1","1","","","","1","","1","","","","AAAhYhAAGAADe+GAAV"
"3101","13","1","压气机14级抽气量","yqjcql14","t/h","","","","81","","","15","","0","","","","","0","1","1","","","","1","","1","","","","AAAhYhAAGAADe+GAAW"
"3103","13","1","压气机侧轴承瓦振X","yqjwz1","","","","","87","","","16","","0","","","","","0","1","1","","","","1","","1","","","","AAAhYhAAGAADe+GAAX"
"3105","13","1","上网电价","swdj","","","","","117","","","25","","0","","","","","0","1","1","","","","1","","1","","","","AAAhYhAAGAADe+GAAY"
"3107","13","1","1#燃烧室压力","rssP1","MPa","","","","119","","","26","","0","","","","","0","1","1","","","","1","","1","","","","AAAhYhAAGAADe+GAAZ"
"3109","13","1","2#燃烧室压力","rssP2","MPa","","","","121","","","27","","0","","","","","0","1","1","","","","1","","1","","","","AAAhYhAAGAADe+GAAa"
"3111","13","1","3#燃烧室压力","rssP3","MPa","","","","123","","","28","","0","","","","","0","1","1","","","","1","","1","","","","AAAhYhAAGAADe+GAAb"
"3113","13","1","4#燃烧室压力","rssP4","MPa","","","","125","","","29","","0","","","","","0","1","1","","","","1","","1","","","","AAAhYhAAGAADe+GAAc"
"3115","13","1","5#燃烧室压力","rssP5","MPa","","","","127","","","30","","0","","","","","0","1","1","","","","1","","1","","","","AAAhYhAAGAADe+GAAd"
"3117","13","1","6#燃烧室压力","rssP6","MPa","","","","131","","","31","","0","","","","","0","1","1","","","","1","","1","","","","AAAhYhAAGAADe+GAAe"
"3119","13","1","7#燃烧室压力","rssP7","MPa","","","","133","","","32","","0","","","","","0","1","1","","","","1","","1","","","","AAAhYhAAGAADe+GAAf"
"3121","13","1","9#燃烧室压力","rssP9","MPa","","","","141","","","34","","0","","","","","0","1","1","","","","1","","1","","","","AAAhYhAAGAADe+GAAg"
"3123","13","1","10#燃烧室压力","rssP10","MPa","","","","143","","","35","","0","","","","","0","1","1","","","","1","","1","","","","AAAhYhAAGAADe+GAAh"
"3125","13","1","11#燃烧室压力","rssP11","MPa","","","","145","","","36","","0","","","","","0","1","1","","","","1","","1","","","","AAAhYhAAGAADe+GAAi"
"3127","13","1","12#燃烧室压力","rssP12","MPa","","","","147","","","37","","0","","","","","0","1","1","","","","1","","1","","","","AAAhYhAAGAADe+GAAj"
"3129","13","1","15#燃烧室压力","rssP15","MPa","","","","153","","","40","","0","","","","","0","1","1","","","","1","","1","","","","AAAhYhAAGAADe+GAAk"
"3131","13","1","16#燃烧室压力","rssP16","MPa","","","","155","","","41","","0","","","","","0","1","1","","","","1","","1","","","","AAAhYhAAGAADe+GAAl"
"3133","13","1","17#燃烧室压力","rssP17","MPa","","","","159","","","42","","0","","","","","0","1","1","","","","1","","1","","","","AAAhYhAAGAADe+GAAm"
"3135","13","1","18#燃烧室压力","rssP18","MPa","","","","161","","","43","","0","","","","","0","1","1","","","","1","","1","","","","AAAhYhAAGAADe+GAAn"
"3137","13","1","20#燃烧室压力","rssP20","MPa","","","","167","","","45","","0","","","","","0","1","1","","","","1","","1","","","","AAAhYhAAGAADe+GAAo"
"3139","13","1","#18火焰探测2","hytc18_2","","","","","175","","","47","","0","","","","","0","1","1","","","","1","","1","","","","AAAhYhAAGAADe+GAAp"
"3141","13","1","#19火焰探测1","hytc19_1","","","","","179","","","48","","0","","","","","0","1","1","","","","1","","1","","","","AAAhYhAAGAADe+GAAq"
"3143","13","1","#3压力振动加速度传感器","rssjP3","MPa","","","","199","","","50","","0","","","","","0","1","1","","","","1","","1","","","","AAAhYhAAGAADe+GAAr"
"3145","13","1","#13压力振动加速度传感器","rssjP13","MPa","","","","205","","","51","","0","","","","","0","1","1","","","","1","","1","","","","AAAhYhAAGAADe+GAAs"
"3147","13","1","#18压力振动加速度传感器","rssjP18","MPa","","","","213","","","53","","0","","","","","0","1","1","","","","1","","1","","","","AAAhYhAAGAADe+GAAt"
"3149","13","1","燃压缸温度","rygwd","℃","","","","217","","","54","","0","","","","","0","1","1","","","","1","","1","","","","AAAhYhAAGAADe+GAAu"
"3151","13","1","燃机C罩壳燃气泄露","rjzkxlc","","","","","227","","","57","","0","","","","","0","1","1","","","","1","","1","","","","AAAhYhAAGAADe+GAAv"
"3153","13","1","燃料小间罩壳燃气泄漏","rjzkxlxj","1","","","","233","","","58","","0","","","","","0","1","1","","","","1","","1","","","","AAAhYhAAGAADe+GAAw"
"3155","13","1","8#燃烧室压力","rssP8","MPa","","","","137","","","33","","0","","","","","0","1","1","","","","1","","1","","","","AAAhYhAAGAADe+GAAx"
"3157","13","1","13#燃烧室压力","rssP13","MPa","","","","149","","","38","","0","","","","","0","1","1","","","","1","","1","","","","AAAhYhAAGAADe+GAAy"
"3159","13","1","14#燃烧室压力","rssP14","MPa","","","","151","","","39","","0","","","","","0","1","1","","","","1","","1","","","","AAAhYhAAGAADe+GAAz"
"3161","13","1","19#燃烧室压力","rssP19","MPa","","","","165","","","44","","0","","","","","0","1","1","","","","1","","1","","","","AAAhYhAAGAADe+GAA0"
"3163","13","1","#18火焰探测1","hytc18_1","","","","","173","","","46","","0","","","","","0","1","1","","","","1","","1","","","","AAAhYhAAGAADe+GAA1"
"3165","13","1","#19火焰探测2","hytc19_2","","","","","183","","","49","","0","","","","","0","1","1","","","","1","","1","","","","AAAhYhAAGAADe+GAA2"
"3167","13","1","#8压力振动加速度传感器","rssjP8","MPa","","","","209","","","52","","0","","","","","0","1","1","","","","1","","1","","","","AAAhYhAAGAADe+GAA3"
"3169","13","1","燃机A罩壳燃气泄漏","rjzkxla","","","","","223","","","55","","0","","","","","0","1","1","","","","1","","1","","","","AAAhYhAAGAADe+GAA4"
"3171","13","1","燃机B罩壳燃气泄露","rjzkxlb","","","","","225","","","56","","0","","","","","0","1","1","","","","1","","1","","","","AAAhYhAAGAADe+GAA5"
"3173","13","1","天然气流量（标况下）","rjtrqll","t/h","","","","237","","","59","","0","","","","","0","1","1","","","","1","","1","","","","AAAhYhAAGAADe+GAA6"
"3175","13","1","天然气温度","trqwd","℃","","","","243","","","60","","0","","","","","0","1","1","","","","1","","1","","","","AAAhYhAAGAADe+GAA7"
"3177","13","1","天然气压力","trqyl","MPa","","","","247","","","61","","0","","","","","0","1","1","","","","1","","1","","","","AAAhYhAAGAADe+GAA8"
"3179","13","1","ＡＢ燃料值班／集管分布","ABrlzb","","","","","337","","","62","","0","1","","","","0","1","1","","","","1","","1","","","","AAAhYhAAGAADe+GAA9"
"3181","13","1","燃气透平出口温度","rqtpckwd","℃","","","","251","","","63","","","","","","","","1","1","","","","1","0","1","","","","AAAhYhAAGAADe+GAA+"
"3015","13","1","燃机功率","rjgl","MW","","","","25","","","1","","","1","","","","","1","1","","","","1","0","1","","","","AAAhYhAAGAADe+GAA/"
"3017","13","1","燃机转角","rjzj","","","","","29","","","2","","","","","","","","1","1","","","","1","0","1","","","","AAAhYhAAGAADe+GABA"
"3019","13","1","燃机转速","rjzs","","","","","31","","","3","","","","","","","","1","1","","","","1","0","1","","","","AAAhYhAAGAADe+GABB"
"3021","13","1","化学补水量","bsl","","","","","33","","","4","","","","","","","","1","1","","","","1","0","1","","","","AAAhYhAAGAADe+GABC"
"3023","13","1","大气相对湿度","dqxdsd","%","","","","640","","","167","","0","","","","","0","1","1","","","","1","","1","","","","AAAhYhAAGAADe+GABD"
"3025","13","1","大气温度","dqwd","%","","","","642","","","168","","0","","","","","0","1","1","","","","1","","1","","","","AAAhYhAAGAADe+GABE"
"3027","13","1","大气压力","dqy","MPa","","","","644","","","169","","","","","","","","1","1","","","","1","0","1","","","","AAAhYhAAGAADe+GABF"
"3029","13","1","燃机鉴相","rjjx","","","","","37","","","5","","","","","","","","1","1","","","","1","0","1","","","","AAAhYhAAGAADe+GABG"
"3031","13","1","余热锅炉高压蒸汽流量","glgyzqll","t/h","","","","39","","","106","","","","","","","","1","1","","","","1","0","1","","","","AAAhYhAAGAADe+GABH"
"3033","13","1","余热锅炉高压蒸汽温度","glgyzqwd","℃","","","","43","","","107","","","","","","","","1","1","","","","1","0","1","","","","AAAhYhAAGAADe+GABI"
"3035","13","1","余热锅炉冷再热蒸汽温度","gllzrzqwd","℃","","","","75","","","116","","","","","","","","1","1","","","","1","0","1","","","","AAAhYhAAGAADe+GABJ"
"3037","13","1","余热锅炉冷再热蒸汽流量","gllzrzqll","t/h","","","","79","","","117","","","","","","","","1","1","","","","1","0","1","","","","AAAhYhAAGAADe+GABK"
"3039","13","1","余热锅炉热再热蒸汽压力","glrzrzqyl","MPa","","","","91","","","120","","","","","","","","1","1","","","","1","0","1","","","","AAAhYhAAGAADe+GABL"
"3041","13","1","余热锅炉轴封加热器出口凝结水温度","glzfjrqcknjswd","℃","","","","93","","","121","","","","","","","","1","1","","","","1","0","1","","","","AAAhYhAAGAADe+GABM"
"3043","13","1","余热锅炉进口烟温度","gljkywd","℃","","","","27","","","104","","0","","","","","0","1","1","","","","1","","1","","","","AAAhYhAAGAADe+GABN"
"3045","13","1","余热锅炉排烟温度","glpywd","℃","","","","35","","","105","","","","","","","","1","1","","","","1","0","1","","","","AAAhYhAAGAADe+GABO"
"3047","13","1","余热锅炉高压气包出口蒸汽压力","glgyqbckzqyl","MPa","","","","47","","","108","","","","","","","","1","1","","","","1","0","1","","","","AAAhYhAAGAADe+GABP"
"3049","13","1","余热锅炉中压蒸汽流量","glzyzqll","t/h","","","","51","","","109","","","","","","","","1","1","","","","1","0","1","","","","AAAhYhAAGAADe+GABQ"
"3051","13","1","余热锅炉中压蒸汽温度","glzyzqwd","℃","","","","55","","","110","","","","","","","","1","1","","","","1","0","1","","","","AAAhYhAAGAADe+GABR"
"3053","13","1","余热锅炉中压蒸汽压力","glzyzqyl","MPa","","","","59","","","111","","","","","","","","1","1","","","","1","0","1","","","","AAAhYhAAGAADe+GABS"
"3055","13","1","余热锅炉低压蒸汽流量","gldyzqll","t/h","","","","61","","","112","","","","","","","","1","1","","","","1","0","1","","","","AAAhYhAAGAADe+GABT"
"3057","13","1","余热锅炉低压蒸汽温度","gldyzqwd","℃","","","","65","","","113","","","","","","","","1","1","","","","1","0","1","","","","AAAhYhAAGAADe+GABU"
"3059","13","1","余热锅炉低压蒸汽压力","gldyzqyl","MPa","","","","67","","","114","","","","","","","","1","1","","","","1","0","1","","","","AAAhYhAAGAADe+GABV"
"3061","13","1","余热锅炉冷再热蒸汽压力","gllzrzqyl","MPa","","","","71","","","115","","","","","","","","1","1","","","","1","0","1","","","","AAAhYhAAGAADe+GABW"
"3063","13","1","余热锅炉热再热蒸汽流量","glrzrzqll","t/h","","","","83","","","118","","","","","","","","1","1","","","","1","0","1","","","","AAAhYhAAGAADe+GABX"
"3065","13","1","余热锅炉热再热蒸汽温度","glrzrzqwd","℃","","","","85","","","119","","","","","","","","1","1","","","","1","0","1","","","","AAAhYhAAGAADe+GABY"
"3067","13","1","进气入口压差","jqrkyc","MPa","","","","41","","","6","","0","","","","","0","1","1","","","","1","","1","","","","AAAhYhAAGAADe+GABZ"
"3069","13","1","压气机6级抽气量","yqjcql6","t/h","","","","73","","","13","","0","","","","","0","1","1","","","","1","","1","","","","AAAhYhAAGAADe+GABa"
"3071","13","1","压气机11级抽气量","yqjcql11","t/h","","","","77","","","14","","0","","","","","0","1","1","","","","1","","1","","","","AAAhYhAAGAADe+GABb"
"3183","13","1","燃气透平出口压力","rqtpckyl","MPa","","","","255","","","64","","","","","","","","1","1","","","","1","0","1","","","","AAAhYhAAGAADe+GABc"
"3185","13","1","TCA冷却水流量","lqsll","t/h","","","","259","","","65","","","","","","","","1","1","","","","1","0","1","","","","AAAhYhAAGAADe+HAAA"
"3187","13","1","TCA冷却水温度","lqswd","℃","","","","263","","","66","","","","","","","","1","1","","","","1","0","1","","","","AAAhYhAAGAADe+HAAB"
"3189","13","1","排气流量（标况下）","rjpqll","t/h","","","","267","","","67","","","","","","","","1","1","","","","1","0","1","","","","AAAhYhAAGAADe+HAAC"
"3191","13","1","透平侧瓦振Ｘ","tpwz1","","","","","269","","","68","","0","","","","","0","1","1","","","","1","","1","","","","AAAhYhAAGAADe+HAAD"
"3193","13","1","透平侧轴承回油温度","tpzcyw","℃","","","","285","","","72","","0","","","","","0","1","1","","","","1","","1","","","","AAAhYhAAGAADe+HAAE"
"3195","13","1","透平侧轴承金属温度","tpzcjw","℃","","","","287","","","73","","0","","","","","0","1","1","","","","1","","1","","","","AAAhYhAAGAADe+HAAF"
"3197","13","1","透平23级间温度","tp23wd","℃","","","","293","","","76","","0","","","","","0","1","1","","","","1","","1","","","","AAAhYhAAGAADe+HAAG"
"3199","13","1","透平34级间温度","tp34wd","℃","","","","295","","","77","","0","","","","","0","1","1","","","","1","","1","","","","AAAhYhAAGAADe+HAAH"
"3201","13","1","透平侧瓦振Ｙ","tpwz2","","","","","273","","","69","","0","","","","","0","1","1","","","","1","","1","","","","AAAhYhAAGAADe+HAAI"
"3203","13","1","透平侧轴振Ｘ","tpzz1","","","","","275","","","70","","0","","","","","0","1","1","","","","1","","1","","","","AAAhYhAAGAADe+HAAJ"
"3205","13","1","透平侧轴振Ｙ","tpzz2","","","","","279","","","71","","0","","","","","0","1","1","","","","1","","1","","","","AAAhYhAAGAADe+HAAK"
"3207","13","1","透平缸温度","tpgwd","℃","58.0000","89.0000","","289","","","74","","0","","","","","0","1","1","","","","1","","1","","","","AAAhYhAAGAADe+HAAL"
"3209","13","1","透平12级间温度","tp12wd","℃","","","","291","","","75","","0","","","","","0","1","1","","","","1","","1","","","","AAAhYhAAGAADe+HAAM"
"3211","13","1","燃机电机母线电压A","rjmxdya","","","","","265","","","102","","0","","","","","0","1","1","","","","1","","1","","","","AAAhYhAAGAADe+HAAN"
"3213","13","1","燃机电机母线电流A","rjmxdla","","","","","271","","","101","","0","1","","","","0","1","1","","","","1","","1","","","","AAAhYhAAGAADe+HAAO"
"3215","13","1","励磁机轴振Ｙ","lcjzzy2","","","","","283","","","98","","0","","","","","0","1","1","","","","1","","1","","","","AAAhYhAAGAADe+HAAP"
"3217","13","1","燃机推力轴承金属温度","rjtlzcjw","℃","","","","305","","","81","","","","","","","","1","1","","","","1","0","1","","","","AAAhYhAAGAADe+HAAQ"
"3219","13","1","电机前轴承瓦振Ｙ","djqwz2","","","","","313","","","84","","","","","","","","1","1","","","","1","0","1","","","","AAAhYhAAGAADe+HAAR"
"3221","13","1","电机前轴承轴振Ｘ","djqzz1","","","","","315","","","85","","","","","","","","1","1","","","","1","0","1","","","","AAAhYhAAGAADe+HAAS"
"3223","13","1","电机前轴承轴振Ｙ","djqzz2","","","","","317","","","86","","","","","","","","1","1","","","","1","0","1","","","","AAAhYhAAGAADe+HAAT"
"3225","13","1","电机前轴承回油温度","djqzcyw","℃","","","","319","","","87","","","","","","","","1","1","","","","1","0","1","","","","AAAhYhAAGAADe+HAAU"
"3227","13","1","电机前轴承金属温度","djqzcjw","℃","","","","321","","","88","","","","","","","","1","1","","","","1","0","1","","","","AAAhYhAAGAADe+HAAV"
"3229","13","1","补氢量","bhl","","","","","261","","","103","","","","","","","","1","1","","","","1","0","1","","","","AAAhYhAAGAADe+HAAW"
"3231","13","1","励磁机轴承金属温度","lcjzcjw","℃","","","","277","","","100","","","","","","","","1","1","","","","1","0","1","","","","AAAhYhAAGAADe+HAAX"
"3233","13","1","励磁机轴承回油温度","lcjzcyw","℃","","","","281","","","99","","","","","","","","1","1","","","","1","0","1","","","","AAAhYhAAGAADe+HAAY"
"3235","13","1","燃机电机推力轴承金属温度","rjdjtlzcwd","℃","","","","297","","","78","","","","","","","","1","1","","","","1","0","1","","","","AAAhYhAAGAADe+HAAZ"
"3237","13","1","励磁机轴振Ｘ","lcjzzx1","","","","","299","","","97","","0","","","","","0","1","1","","","","1","","1","","","","AAAhYhAAGAADe+HAAa"
"3239","13","1","燃机电机推力轴承推力","rjdjtlzctl","","","","","301","","","79","","","","","","","","1","1","","","","1","0","1","","","","AAAhYhAAGAADe+HAAb"
"3241","13","1","燃机推力轴承回油温度","rjtlzcyw","℃","","","","303","","","80","","","","","","","","1","1","","","","1","0","1","","","","AAAhYhAAGAADe+HAAc"
"3243","13","1","燃机推力轴承推力","rjtlzctl","","","","","307","","","82","","","","","","","","1","1","","","","1","0","1","","","","AAAhYhAAGAADe+HAAd"
"3245","13","1","励磁机轴承瓦振Ｙ","lcjwz2","","","","","309","","","96","","0","","","","","0","1","1","","","","1","","1","","","","AAAhYhAAGAADe+HAAe"
"3247","13","1","电机前轴承瓦振Ｘ","djqwz1","","","","","311","","","83","","","","","","","","1","1","","","","1","0","1","","","","AAAhYhAAGAADe+HAAf"
"3249","13","1","电机后轴承瓦振Ｘ","djhwz1","1","","","","323","","","89","","","","","","","","1","1","","","","1","0","1","","","","AAAhYhAAGAADe+HAAg"
"3251","13","1","电机后轴承金属温度","djhzcjw","℃","","","","325","","","94","","0","","","","","0","1","1","","","","1","","1","","","","AAAhYhAAGAADe+HAAh"
"3253","13","1","励磁机轴承瓦振Ｘ","lcjwz1","","","","","327","","","95","","","","","","","","1","1","","","","1","0","1","","","","AAAhYhAAGAADe+HAAi"
"3255","13","1","电机后轴承瓦振Ｙ","djhwz2","","","","","329","","","90","","","","","","","","1","1","","","","1","0","1","","","","AAAhYhAAGAADe+HAAj"
"3257","13","1","燃机电机母线电流B","rjmxdlb","A","","","","602","","","158","","","","","","","","1","1","","","","1","0","1","","","","AAAhYhAAGAADe+HAAk"
"3259","13","1","燃机电机母线电流C","rjmxdlc","A","","","","604","","","159","","","1","","","","","1","1","","","","1","0","1","","","","AAAhYhAAGAADe+HAAl"
"3261","13","1","燃机电机母线电压B","rjmxdyb","","","","","606","","","160","","","","","","","","1","1","","","","1","0","1","","","","AAAhYhAAGAADe+HAAm"
"3263","13","1","燃机电机母线电压C","rjmxdyc","","","","","608","","","161","","","","","","","","1","1","","","","1","0","1","","","","AAAhYhAAGAADe+HAAn"
"3265","13","1","电机后轴承回油温度","djhzcyw","℃","","","","335","","","93","","","","","","","","1","1","","","","1","0","1","","","","AAAhYhAAGAADe+HAAo"
"3267","13","1","电机后轴承轴振Ｘ","djhzz1","","","","","331","","","91","","","","","","","","1","1","","","","1","0","1","","","","AAAhYhAAGAADe+HAAp"
"3269","13","1","电机后轴承轴振Ｙ","djhzz2","","","","","333","","","92","","","","","","","","1","1","","","","1","0","1","","","","AAAhYhAAGAADe+HAAq"
"3271","13","1","汽机功率","qjgl","MW","","","","99","","","122","","","","","","","","1","1","","","","1","0","1","","","","AAAhYhAAGAADe+HAAr"
"3273","13","1","汽机转速","qjzs","","","","","103","","","123","","","","","","","","1","1","","","","1","0","1","","","","AAAhYhAAGAADe+HAAs"
"3275","13","1","机组热负荷","jzrfh","","","","","638","","","166","","","1","","","","","1","1","","","","1","0","1","","","","AAAhYhAAGAADe+HAAt"
"3277","13","1","汽机转角","qjzj","","","","","107","","","124","","","","","","","","1","1","","","","1","0","1","","","","AAAhYhAAGAADe+HAAu"
"3279","13","1","高压缸入口蒸汽压力","zygrkzqyl","MPa","","","","109","","","125","","","","","","","","1","1","","","","1","0","1","","","","AAAhYhAAGAADe+HAAv"
"3281","13","1","高压缸入口蒸汽温度","gygrkzqwd","℃","","","","129","","","126","","","","","","","","1","1","","","","1","0","1","","","","AAAhYhAAGAADe+HAAw"
"3283","13","1","高压缸排汽压力","gygpqyl","MPa","","","","135","","","127","","","","","","","","1","1","","","","1","0","1","","","","AAAhYhAAGAADe+HAAx"
"3285","13","1","高压缸排汽温度","gygpqwd","℃","","","","139","","","128","","","","","","","","1","1","","","","1","0","1","","","","AAAhYhAAGAADe+HAAy"
"3287","13","1","中压缸进口蒸汽压力","zygjkzqyl","MPa","","","","157","","","129","","0","","","","","0","1","1","","","","1","","1","","","","AAAhYhAAGAADe+HAAz"
"3289","13","1","中压缸入口蒸汽温度","zygrkzqwd","℃","","","","163","","","130","","","","","","","","1","1","","","","1","0","1","","","","AAAhYhAAGAADe+HAA0"
"3291","13","1","中压缸排汽压力","zygpqyl","MPa","","","","169","","","131","","","","","","","","1","1","","","","1","0","1","","","","AAAhYhAAGAADe+HAA1"
"3293","13","1","中压缸排汽温度","zygpqwd","℃","","","","171","","","132","","","","","","","","1","1","","","","1","0","1","","","","AAAhYhAAGAADe+HAA2"
"3295","13","1","低压缸入口蒸汽压力","dygrkzqyl","MPa","","","","177","","","133","","","","","","","","1","1","","","","1","0","1","","","","AAAhYhAAGAADe+HAA3"
"3297","13","1","低压缸入口蒸汽温度","dygrkzqwd","℃","","","","181","","","134","","","","","","","","1","1","","","","1","0","1","","","","AAAhYhAAGAADe+HAA4"
"3299","13","1","低压缸排汽温度","dygpqwd","℃","","","","185","","","135","","","","","","","","1","1","","","","1","0","1","","","","AAAhYhAAGAADe+HAA5"
"3301","13","1","凝汽器真空","nqqzk","kPa","","","","187","","","136","","","","","","","","1","1","","","","1","0","1","","","","AAAhYhAAGAADe+HAA6"
"3303","13","1","循环水入口温度","xhsrkwd","℃","","","","189","","","137","","","","","","","","1","1","","","","1","0","1","","","","AAAhYhAAGAADe+HAA7"
"3305","13","1","汽机1#轴承瓦振 ","qjwz1","","","","","191","","","138","","","","","","","","1","1","","","","1","0","1","","","","AAAhYhAAGAADe+HAA8"
"3307","13","1","汽机1#轴承轴振X","qjzzx1","","","","","193","","","139","","","","","","","","1","1","","","","1","0","1","","","","AAAhYhAAGAADe+HAA9"
"3309","13","1","汽机2#轴承轴振X","qjzzx2","","","","","201","","","142","","","","","","","","1","1","","","","1","0","1","","","","AAAhYhAAGAADe+HAA+"
"3311","13","1","汽机2#轴承轴振Y","qjzzy2","","","","","203","","","143","","","","","","","","1","1","","","","1","0","1","","","","AAAhYhAAGAADe+HAA/"
"3313","13","1","汽机3#轴承瓦振 ","qjwz3","","","","","207","","","144","","","","","","","","1","1","","","","1","0","1","","","","AAAhYhAAGAADe+HABA"
"3315","13","1","汽机3#轴承轴振X","qjzzx3","","","","","211","","","145","","","","","","","","1","1","","","","1","0","1","","","","AAAhYhAAGAADe+HABB"
"3317","13","1","汽机3#轴承轴振Y","qjzzy3","","","","","215","","","146","","","","","","","","1","1","","","","1","0","1","","","","AAAhYhAAGAADe+HABC"
"3319","13","1","汽机4#轴承瓦振 ","qjwz4","","","","","219","","","147","","","","","","","","1","1","","","","1","0","1","","","","AAAhYhAAGAADe+HABD"
"3321","13","1","汽机4#轴承轴振Y","qjzzy4","","","","","229","","","149","","","","","","","","1","1","","","","1","0","1","","","","AAAhYhAAGAADe+HABE"
"3323","13","1","汽机5#轴承轴振X","qjzzx5","","","","","235","","","151","","","","","","","","1","1","","","","1","0","1","","","","AAAhYhAAGAADe+HABF"
"3325","13","1","汽机1#轴承轴振Y","qjzzy1","","","","","195","","","140","","","","","","","","1","1","","","","1","0","1","","","","AAAhYhAAGAADe+HABG"
"3327","13","1","汽机2#轴承瓦振 ","qjwz2","","","","","197","","","141","","","","","","","","1","1","","","","1","0","1","","","","AAAhYhAAGAADe+HABH"
"3329","13","1","汽机4#轴承轴振X","qjzzx4","","","","","221","","","148","","","","","","","","1","1","","","","1","0","1","","","","AAAhYhAAGAADe+HABI"
"3331","13","1","汽机5#轴承瓦振 ","qjwz5","","","","","231","","","150","","","","","","","","1","1","","","","1","0","1","","","","AAAhYhAAGAADe+HABJ"
"3333","13","1","汽机5#轴承轴振Y","qjzzy5","","","","","239","","","152","","","","","","","","1","1","","","","1","0","1","","","","AAAhYhAAGAADe+HABK"
"3335","13","1","汽机6#轴承瓦振 ","qjwz6","","","","","241","","","153","","","","","","","","1","1","","","","1","0","1","","","","AAAhYhAAGAADe+HABL"
"3337","13","1","汽机6#轴承轴振X","qjzzx6","","","","","245","","","154","","","","","","","","1","1","","","","1","0","1","","","","AAAhYhAAGAADe+HABM"
"3339","13","1","汽机6#轴承轴振Y","qjzzy6","","","","","249","","","155","","","","","","","","1","1","","","","1","0","1","","","","AAAhYhAAGAADe+HABN"
"3341","13","1","汽轮机电机母线电压A","qljdjmxdya","","","","","253","","","156","","0","","","","","0","1","1","","","","1","","1","","","","AAAhYhAAGAADe+HABO"
"3343","13","1","汽轮机电机母线电流A","qljdjmxdla","A","","","","257","","","157","","0","","","","","0","1","1","","","","1","","1","","","","AAAhYhAAGAADe+HABP"
"3345","13","1","汽轮机电机母线电流B","qljdjmxdlb","A","","","","610","","","162","","","","","","","","1","1","","","","1","0","1","","","","AAAhYhAAGAADe+HABQ"
"3347","13","1","汽轮机电机母线电流C","qljdjmxdlc","A","","","","612","","","163","","","","","","","","1","1","","","","1","0","1","","","","AAAhYhAAGAADe+HABR"
"3349","13","1","汽轮机电机母线电压B","qljdjmxdyb","","","","","614","","","164","","","","","","","","1","1","","","","1","0","1","","","","AAAhYhAAGAADe+HABS"
"3351","13","1","汽轮机电机母线电压C","qljdjmxdyc","","","","","616","","","165","","","","","","","","1","1","","","","1","0","1","","","","AAAhYhAAGAADe+HABT"
"3353","11","1","燃机功率","rjgl","MW","","","","25","","","1","","","1","","","","","1","1","","","","1","0","1","","","","AAAhYhAAGAADe+HABU"
"3355","11","1","燃机转角","rjzj","","","","","29","","","2","","","","","","","","1","1","","","","1","0","1","","","","AAAhYhAAGAADe+HABV"
"3357","11","1","燃机转速","rjzs","","","","","31","","","3","","","","","","","","1","1","","","","1","0","1","","","","AAAhYhAAGAADe+HABW"
"3359","11","1","化学补水量","bsl","","","","","33","","","4","","","","","","","","1","1","","","","1","0","1","","","","AAAhYhAAGAADe+HABX"
"3361","11","1","大气相对湿度","dqxdsd","%","","","","640","","","167","","0","","","","","0","1","1","","","","1","","1","","","","AAAhYhAAGAADe+HABY"
"3363","11","1","大气温度","dqwd","%","","","","642","","","168","","0","","","","","0","1","1","","","","1","","1","","","","AAAhYhAAGAADe+HABZ"
"3365","11","1","大气压力","dqy","MPa","","","","644","","","169","","","","","","","","1","1","","","","1","0","1","","","","AAAhYhAAGAADe+HABa"
"3367","11","1","燃机鉴相","rjjx","","","","","37","","","5","","","","","","","","1","1","","","","1","0","1","","","","AAAhYhAAGAADe+HABb"
"3369","11","1","余热锅炉高压蒸汽流量","glgyzqll","t/h","","","","39","","","106","","","","","","","","1","1","","","","1","0","1","","","","AAAhYhAAGAADe+HABc"
"3371","11","1","余热锅炉高压蒸汽温度","glgyzqwd","℃","","","","43","","","107","","","","","","","","1","1","","","","1","0","1","","","","AAAhYhAAGAADe+HABd"
"3373","11","1","余热锅炉冷再热蒸汽温度","gllzrzqwd","℃","","","","75","","","116","","","","","","","","1","1","","","","1","0","1","","","","AAAhYhAAGAADe+HABe"
"333","16","1","电机后轴承轴振Ｙ","djhzz2","","","","","333","","","92","","","","","","","","1","1","","","","1","0","1","","","","AAAhYhAAGAADe+IAAA"
"331","16","1","电机后轴承轴振Ｘ","djhzz1","","","","","331","","","91","","","","","","","","1","1","","","","1","0","1","","","","AAAhYhAAGAADe+IAAB"
"335","16","1","电机后轴承回油温度","djhzcyw","℃","","","","335","","","93","","","","","","","","1","1","","","","1","0","1","","","","AAAhYhAAGAADe+IAAC"
"337","16","1","ＡＢ燃料值班／集管分布","ABrlzb","","","","","337","","","62","","0","1","","","","0","1","1","","","","1","","1","","","","AAAhYhAAGAADe+IAAD"
"3377","11","1","余热锅炉热再热蒸汽压力","glrzrzqyl","MPa","","","","91","","","120","","","","","","","","1","1","","","","1","0","1","","","","AAAhYhAAGAADe+IAAE"
"3379","11","1","余热锅炉轴封加热器出口凝结水温度","glzfjrqcknjswd","℃","","","","93","","","121","","","","","","","","1","1","","","","1","0","1","","","","AAAhYhAAGAADe+IAAF"
"3381","11","1","余热锅炉进口烟温度","gljkywd","℃","","","","27","","","104","","0","","","","","0","1","1","","","","1","","1","","","","AAAhYhAAGAADe+IAAG"
"3383","11","1","余热锅炉排烟温度","glpywd","℃","","","","35","","","105","","","","","","","","1","1","","","","1","0","1","","","","AAAhYhAAGAADe+IAAH"
"3385","11","1","余热锅炉高压气包出口蒸汽压力","glgyqbckzqyl","MPa","","","","47","","","108","","","","","","","","1","1","","","","1","0","1","","","","AAAhYhAAGAADe+IAAI"
"3387","11","1","余热锅炉中压蒸汽流量","glzyzqll","t/h","","","","51","","","109","","","","","","","","1","1","","","","1","0","1","","","","AAAhYhAAGAADe+IAAJ"
"3389","11","1","余热锅炉中压蒸汽温度","glzyzqwd","℃","","","","55","","","110","","","","","","","","1","1","","","","1","0","1","","","","AAAhYhAAGAADe+IAAK"
"3391","11","1","余热锅炉中压蒸汽压力","glzyzqyl","MPa","","","","59","","","111","","","","","","","","1","1","","","","1","0","1","","","","AAAhYhAAGAADe+IAAL"
"3393","11","1","余热锅炉低压蒸汽流量","gldyzqll","t/h","","","","61","","","112","","","","","","","","1","1","","","","1","0","1","","","","AAAhYhAAGAADe+IAAM"
"3395","11","1","余热锅炉低压蒸汽温度","gldyzqwd","℃","","","","65","","","113","","","","","","","","1","1","","","","1","0","1","","","","AAAhYhAAGAADe+IAAN"
"3397","11","1","余热锅炉低压蒸汽压力","gldyzqyl","MPa","","","","67","","","114","","","","","","","","1","1","","","","1","0","1","","","","AAAhYhAAGAADe+IAAO"
"3399","11","1","余热锅炉冷再热蒸汽压力","gllzrzqyl","MPa","","","","71","","","115","","","","","","","","1","1","","","","1","0","1","","","","AAAhYhAAGAADe+IAAP"
"3401","11","1","余热锅炉热再热蒸汽流量","glrzrzqll","t/h","","","","83","","","118","","","","","","","","1","1","","","","1","0","1","","","","AAAhYhAAGAADe+IAAQ"
"3403","11","1","余热锅炉热再热蒸汽温度","glrzrzqwd","℃","","","","85","","","119","","","","","","","","1","1","","","","1","0","1","","","","AAAhYhAAGAADe+IAAR"
"3405","11","1","进气入口压差","jqrkyc","MPa","","","","41","","","6","","0","","","","","0","1","1","","","","1","","1","","","","AAAhYhAAGAADe+IAAS"
"3407","11","1","压气机6级抽气量","yqjcql6","t/h","","","","73","","","13","","0","","","","","0","1","1","","","","1","","1","","","","AAAhYhAAGAADe+IAAT"
"3409","11","1","压气机11级抽气量","yqjcql11","t/h","","","","77","","","14","","0","","","","","0","1","1","","","","1","","1","","","","AAAhYhAAGAADe+IAAU"
"3411","11","1","压气机侧轴承瓦振Y","yqjwz2","","","","","89","","","17","","0","","","","","0","1","1","","","","1","","1","","","","AAAhYhAAGAADe+IAAV"
"3413","11","1","压气机侧轴振X","yqjzz1","","","","","95","","","18","","0","","","","","0","1","1","","","","1","","1","","","","AAAhYhAAGAADe+IAAW"
"3415","11","1","压气机侧轴振Y","yqjzz2","","","","","97","","","19","","0","","","","","0","1","1","","","","1","","1","","","","AAAhYhAAGAADe+IAAX"
"3417","11","1","压气机侧轴承回油温度","yqjzcyw","℃","","","","101","","","20","","0","","","","","0","1","1","","","","1","","1","","","","AAAhYhAAGAADe+IAAY"
"3419","11","1","压气机侧轴承金属温度","yqjzcjw","℃","","","","105","","","21","","0","","","","","0","1","1","","","","1","","1","","","","AAAhYhAAGAADe+IAAZ"
"3421","11","1","水洗消耗除盐水成本","sxxhcyscb","","","","","111","","","22","","0","","","","","0","1","1","","","","1","","1","","","","AAAhYhAAGAADe+IAAa"
"3423","11","1","一次离线水洗停机时间","lxsxtjsj","","","","","113","","","23","","0","","","","","0","1","1","","","","1","","1","","","","AAAhYhAAGAADe+IAAb"
"3425","11","1","天然气价格","trqjg","","","","","115","","","24","","0","","","","","0","1","1","","","","1","","1","","","","AAAhYhAAGAADe+IAAc"
"3427","11","1","压气机进口温度","yqjjkwd","℃","","","","45","","","7","","0","","","","","0","1","1","","","","1","","1","","","","AAAhYhAAGAADe+IAAd"
"3429","11","1","压气机进口压力","yqjjkyl","MPa","","","","49","","","8","","0","","","","","0","1","1","","","","1","","1","","","","AAAhYhAAGAADe+IAAe"
"3431","11","1","压气机出口温度","yqjckwd","℃","","","","53","","","9","","0","","","","","0","1","1","","","","1","","1","","","","AAAhYhAAGAADe+IAAf"
"3433","11","1","压气机出口压力","yqjckyl","MPa","","","","57","","","10","","0","","","","","0","1","1","","","","1","","1","","","","AAAhYhAAGAADe+IAAg"
"3435","11","1","压气机进气流量","yqjjql","t/h","","","","63","","","11","","0","","","","","0","1","1","","","","1","","1","","","","AAAhYhAAGAADe+IAAh"
"3437","11","1","IGV开度","igv","%","","","","69","","","12","","0","","","","","0","1","1","","","","1","","1","","","","AAAhYhAAGAADe+IAAi"
"3439","11","1","压气机14级抽气量","yqjcql14","t/h","","","","81","","","15","","0","","","","","0","1","1","","","","1","","1","","","","AAAhYhAAGAADe+IAAj"
"3441","11","1","压气机侧轴承瓦振X","yqjwz1","","","","","87","","","16","","0","","","","","0","1","1","","","","1","","1","","","","AAAhYhAAGAADe+IAAk"
"3443","11","1","上网电价","swdj","","","","","117","","","25","","0","","","","","0","1","1","","","","1","","1","","","","AAAhYhAAGAADe+IAAl"
"3445","11","1","1#燃烧室压力","rssP1","MPa","","","","119","","","26","","0","","","","","0","1","1","","","","1","","1","","","","AAAhYhAAGAADe+IAAm"
"3447","11","1","2#燃烧室压力","rssP2","MPa","","","","121","","","27","","0","","","","","0","1","1","","","","1","","1","","","","AAAhYhAAGAADe+IAAn"
"3449","11","1","3#燃烧室压力","rssP3","MPa","","","","123","","","28","","0","","","","","0","1","1","","","","1","","1","","","","AAAhYhAAGAADe+IAAo"
"3451","11","1","4#燃烧室压力","rssP4","MPa","","","","125","","","29","","0","","","","","0","1","1","","","","1","","1","","","","AAAhYhAAGAADe+IAAp"
"3453","11","1","5#燃烧室压力","rssP5","MPa","","","","127","","","30","","0","","","","","0","1","1","","","","1","","1","","","","AAAhYhAAGAADe+IAAq"
"3455","11","1","6#燃烧室压力","rssP6","MPa","","","","131","","","31","","0","","","","","0","1","1","","","","1","","1","","","","AAAhYhAAGAADe+IAAr"
"3457","11","1","7#燃烧室压力","rssP7","MPa","","","","133","","","32","","0","","","","","0","1","1","","","","1","","1","","","","AAAhYhAAGAADe+IAAs"
"3459","11","1","9#燃烧室压力","rssP9","MPa","","","","141","","","34","","0","","","","","0","1","1","","","","1","","1","","","","AAAhYhAAGAADe+IAAt"
"3461","11","1","10#燃烧室压力","rssP10","MPa","","","","143","","","35","","0","","","","","0","1","1","","","","1","","1","","","","AAAhYhAAGAADe+IAAu"
"3463","11","1","11#燃烧室压力","rssP11","MPa","","","","145","","","36","","0","","","","","0","1","1","","","","1","","1","","","","AAAhYhAAGAADe+IAAv"
"3465","11","1","12#燃烧室压力","rssP12","MPa","","","","147","","","37","","0","","","","","0","1","1","","","","1","","1","","","","AAAhYhAAGAADe+IAAw"
"3467","11","1","15#燃烧室压力","rssP15","MPa","","","","153","","","40","","0","","","","","0","1","1","","","","1","","1","","","","AAAhYhAAGAADe+IAAx"
"3469","11","1","16#燃烧室压力","rssP16","MPa","","","","155","","","41","","0","","","","","0","1","1","","","","1","","1","","","","AAAhYhAAGAADe+IAAy"
"3471","11","1","17#燃烧室压力","rssP17","MPa","","","","159","","","42","","0","","","","","0","1","1","","","","1","","1","","","","AAAhYhAAGAADe+IAAz"
"3473","11","1","18#燃烧室压力","rssP18","MPa","","","","161","","","43","","0","","","","","0","1","1","","","","1","","1","","","","AAAhYhAAGAADe+IAA0"
"3475","11","1","20#燃烧室压力","rssP20","MPa","","","","167","","","45","","0","","","","","0","1","1","","","","1","","1","","","","AAAhYhAAGAADe+IAA1"
"3477","11","1","#18火焰探测2","hytc18_2","","","","","175","","","47","","0","","","","","0","1","1","","","","1","","1","","","","AAAhYhAAGAADe+IAA2"
"3479","11","1","#19火焰探测1","hytc19_1","","","","","179","","","48","","0","","","","","0","1","1","","","","1","","1","","","","AAAhYhAAGAADe+IAA3"
"3481","11","1","#3压力振动加速度传感器","rssjP3","MPa","","","","199","","","50","","0","","","","","0","1","1","","","","1","","1","","","","AAAhYhAAGAADe+IAA4"
"3483","11","1","#13压力振动加速度传感器","rssjP13","MPa","","","","205","","","51","","0","","","","","0","1","1","","","","1","","1","","","","AAAhYhAAGAADe+IAA5"
"3485","11","1","#18压力振动加速度传感器","rssjP18","MPa","","","","213","","","53","","0","","","","","0","1","1","","","","1","","1","","","","AAAhYhAAGAADe+IAA6"
"3487","11","1","燃压缸温度","rygwd","℃","","","","217","","","54","","0","","","","","0","1","1","","","","1","","1","","","","AAAhYhAAGAADe+IAA7"
"3489","11","1","燃机C罩壳燃气泄露","rjzkxlc","","","","","227","","","57","","0","","","","","0","1","1","","","","1","","1","","","","AAAhYhAAGAADe+IAA8"
"3491","11","1","燃料小间罩壳燃气泄漏","rjzkxlxj","1","","","","233","","","58","","0","","","","","0","1","1","","","","1","","1","","","","AAAhYhAAGAADe+IAA9"
"3493","11","1","8#燃烧室压力","rssP8","MPa","","","","137","","","33","","0","","","","","0","1","1","","","","1","","1","","","","AAAhYhAAGAADe+IAA+"
"3495","11","1","13#燃烧室压力","rssP13","MPa","","","","149","","","38","","0","","","","","0","1","1","","","","1","","1","","","","AAAhYhAAGAADe+IAA/"
"3497","11","1","14#燃烧室压力","rssP14","MPa","","","","151","","","39","","0","","","","","0","1","1","","","","1","","1","","","","AAAhYhAAGAADe+IABA"
"3499","11","1","19#燃烧室压力","rssP19","MPa","","","","165","","","44","","0","","","","","0","1","1","","","","1","","1","","","","AAAhYhAAGAADe+IABB"
"3501","11","1","#18火焰探测1","hytc18_1","","","","","173","","","46","","0","","","","","0","1","1","","","","1","","1","","","","AAAhYhAAGAADe+IABC"
"3503","11","1","#19火焰探测2","hytc19_2","","","","","183","","","49","","0","","","","","0","1","1","","","","1","","1","","","","AAAhYhAAGAADe+IABD"
"3505","11","1","#8压力振动加速度传感器","rssjP8","MPa","","","","209","","","52","","0","","","","","0","1","1","","","","1","","1","","","","AAAhYhAAGAADe+IABE"
"3507","11","1","燃机A罩壳燃气泄漏","rjzkxla","","","","","223","","","55","","0","","","","","0","1","1","","","","1","","1","","","","AAAhYhAAGAADe+IABF"
"3509","11","1","燃机B罩壳燃气泄露","rjzkxlb","","","","","225","","","56","","0","","","","","0","1","1","","","","1","","1","","","","AAAhYhAAGAADe+IABG"
"3511","11","1","天然气流量（标况下）","rjtrqll","t/h","","","","237","","","59","","0","","","","","0","1","1","","","","1","","1","","","","AAAhYhAAGAADe+IABH"
"3513","11","1","天然气温度","trqwd","℃","","","","243","","","60","","0","","","","","0","1","1","","","","1","","1","","","","AAAhYhAAGAADe+IABI"
"3515","11","1","天然气压力","trqyl","MPa","","","","247","","","61","","0","","","","","0","1","1","","","","1","","1","","","","AAAhYhAAGAADe+IABJ"
"3517","11","1","ＡＢ燃料值班／集管分布","ABrlzb","","","","","337","","","62","","0","1","","","","0","1","1","","","","1","","1","","","","AAAhYhAAGAADe+IABK"
"3519","11","1","燃气透平出口温度","rqtpckwd","℃","","","","251","","","63","","","","","","","","1","1","","","","1","0","1","","","","AAAhYhAAGAADe+IABL"
"3521","11","1","燃气透平出口压力","rqtpckyl","MPa","","","","255","","","64","","","","","","","","1","1","","","","1","0","1","","","","AAAhYhAAGAADe+IABM"
"3523","11","1","TCA冷却水流量","lqsll","t/h","","","","259","","","65","","","","","","","","1","1","","","","1","0","1","","","","AAAhYhAAGAADe+IABN"
"3525","11","1","TCA冷却水温度","lqswd","℃","","","","263","","","66","","","","","","","","1","1","","","","1","0","1","","","","AAAhYhAAGAADe+IABO"
"3527","11","1","排气流量（标况下）","rjpqll","t/h","","","","267","","","67","","","","","","","","1","1","","","","1","0","1","","","","AAAhYhAAGAADe+IABP"
"3529","11","1","透平侧瓦振Ｘ","tpwz1","","","","","269","","","68","","0","","","","","0","1","1","","","","1","","1","","","","AAAhYhAAGAADe+IABQ"
"3531","11","1","透平侧轴承回油温度","tpzcyw","℃","","","","285","","","72","","0","","","","","0","1","1","","","","1","","1","","","","AAAhYhAAGAADe+IABR"
"3533","11","1","透平侧轴承金属温度","tpzcjw","℃","","","","287","","","73","","0","","","","","0","1","1","","","","1","","1","","","","AAAhYhAAGAADe+IABS"
"3535","11","1","透平23级间温度","tp23wd","℃","","","","293","","","76","","0","","","","","0","1","1","","","","1","","1","","","","AAAhYhAAGAADe+IABT"
"3537","11","1","透平34级间温度","tp34wd","℃","","","","295","","","77","","0","","","","","0","1","1","","","","1","","1","","","","AAAhYhAAGAADe+IABU"
"3539","11","1","透平侧瓦振Ｙ","tpwz2","","","","","273","","","69","","0","","","","","0","1","1","","","","1","","1","","","","AAAhYhAAGAADe+IABV"
"3541","11","1","透平侧轴振Ｘ","tpzz1","","","","","275","","","70","","0","","","","","0","1","1","","","","1","","1","","","","AAAhYhAAGAADe+IABW"
"3543","11","1","透平侧轴振Ｙ","tpzz2","","","","","279","","","71","","0","","","","","0","1","1","","","","1","","1","","","","AAAhYhAAGAADe+IABX"
"3545","11","1","透平缸温度","tpgwd","℃","58.0000","89.0000","","289","","","74","","0","","","","","0","1","1","","","","1","","1","","","","AAAhYhAAGAADe+IABY"
"3547","11","1","透平12级间温度","tp12wd","℃","","","","291","","","75","","0","","","","","0","1","1","","","","1","","1","","","","AAAhYhAAGAADe+IABZ"
"3549","11","1","燃机电机母线电压A","rjmxdya","","","","","265","","","102","","0","","","","","0","1","1","","","","1","","1","","","","AAAhYhAAGAADe+IABa"
"3551","11","1","燃机电机母线电流A","rjmxdla","","","","","271","","","101","","0","1","","","","0","1","1","","","","1","","1","","","","AAAhYhAAGAADe+IABb"
"3375","11","1","余热锅炉冷再热蒸汽流量","gllzrzqll","t/h","","","","79","","","117","","","","","","","","1","1","","","","1","0","1","","","","AAAhYhAAGAADe+IABe"
"3553","11","1","励磁机轴振Ｙ","lcjzzy2","","","","","283","","","98","","0","","","","","0","1","1","","","","1","","1","","","","AAAhYhAAGAAAZupAAA"
"3555","11","1","燃机推力轴承金属温度","rjtlzcjw","℃","","","","305","","","81","","","","","","","","1","1","","","","1","0","1","","","","AAAhYhAAGAAAZupAAB"
"3557","11","1","电机前轴承瓦振Ｙ","djqwz2","","","","","313","","","84","","","","","","","","1","1","","","","1","0","1","","","","AAAhYhAAGAAAZupAAC"
"3559","11","1","电机前轴承轴振Ｘ","djqzz1","","","","","315","","","85","","","","","","","","1","1","","","","1","0","1","","","","AAAhYhAAGAAAZupAAD"
"3561","11","1","电机前轴承轴振Ｙ","djqzz2","","","","","317","","","86","","","","","","","","1","1","","","","1","0","1","","","","AAAhYhAAGAAAZupAAE"
"3563","11","1","电机前轴承回油温度","djqzcyw","℃","","","","319","","","87","","","","","","","","1","1","","","","1","0","1","","","","AAAhYhAAGAAAZupAAF"
"3565","11","1","电机前轴承金属温度","djqzcjw","℃","","","","321","","","88","","","","","","","","1","1","","","","1","0","1","","","","AAAhYhAAGAAAZupAAG"
"3567","11","1","补氢量","bhl","","","","","261","","","103","","","","","","","","1","1","","","","1","0","1","","","","AAAhYhAAGAAAZupAAH"
"3569","11","1","励磁机轴承金属温度","lcjzcjw","℃","","","","277","","","100","","","","","","","","1","1","","","","1","0","1","","","","AAAhYhAAGAAAZupAAI"
"3571","11","1","励磁机轴承回油温度","lcjzcyw","℃","","","","281","","","99","","","","","","","","1","1","","","","1","0","1","","","","AAAhYhAAGAAAZupAAJ"
"3573","11","1","燃机电机推力轴承金属温度","rjdjtlzcwd","℃","","","","297","","","78","","","","","","","","1","1","","","","1","0","1","","","","AAAhYhAAGAAAZupAAK"
"3575","11","1","励磁机轴振Ｘ","lcjzzx1","","","","","299","","","97","","0","","","","","0","1","1","","","","1","","1","","","","AAAhYhAAGAAAZupAAL"
"3577","11","1","燃机电机推力轴承推力","rjdjtlzctl","","","","","301","","","79","","","","","","","","1","1","","","","1","0","1","","","","AAAhYhAAGAAAZupAAM"
"3579","11","1","燃机推力轴承回油温度","rjtlzcyw","℃","","","","303","","","80","","","","","","","","1","1","","","","1","0","1","","","","AAAhYhAAGAAAZupAAN"
"3581","11","1","燃机推力轴承推力","rjtlzctl","","","","","307","","","82","","","","","","","","1","1","","","","1","0","1","","","","AAAhYhAAGAAAZupAAO"
"3583","11","1","励磁机轴承瓦振Ｙ","lcjwz2","","","","","309","","","96","","0","","","","","0","1","1","","","","1","","1","","","","AAAhYhAAGAAAZupAAP"
"3585","11","1","电机前轴承瓦振Ｘ","djqwz1","","","","","311","","","83","","","","","","","","1","1","","","","1","0","1","","","","AAAhYhAAGAAAZupAAQ"
"3587","11","1","电机后轴承瓦振Ｘ","djhwz1","1","","","","323","","","89","","","","","","","","1","1","","","","1","0","1","","","","AAAhYhAAGAAAZupAAR"
"3589","11","1","电机后轴承金属温度","djhzcjw","℃","","","","325","","","94","","0","","","","","0","1","1","","","","1","","1","","","","AAAhYhAAGAAAZupAAS"
"3591","11","1","励磁机轴承瓦振Ｘ","lcjwz1","","","","","327","","","95","","","","","","","","1","1","","","","1","0","1","","","","AAAhYhAAGAAAZupAAT"
"3593","11","1","电机后轴承瓦振Ｙ","djhwz2","","","","","329","","","90","","","","","","","","1","1","","","","1","0","1","","","","AAAhYhAAGAAAZupAAU"
"3595","11","1","燃机电机母线电流B","rjmxdlb","A","","","","602","","","158","","","","","","","","1","1","","","","1","0","1","","","","AAAhYhAAGAAAZupAAV"
"3597","11","1","燃机电机母线电流C","rjmxdlc","A","","","","604","","","159","","","1","","","","","1","1","","","","1","0","1","","","","AAAhYhAAGAAAZupAAW"
"3599","11","1","燃机电机母线电压B","rjmxdyb","","","","","606","","","160","","","","","","","","1","1","","","","1","0","1","","","","AAAhYhAAGAAAZupAAX"
"3601","11","1","燃机电机母线电压C","rjmxdyc","","","","","608","","","161","","","","","","","","1","1","","","","1","0","1","","","","AAAhYhAAGAAAZupAAY"
"3603","11","1","电机后轴承回油温度","djhzcyw","℃","","","","335","","","93","","","","","","","","1","1","","","","1","0","1","","","","AAAhYhAAGAAAZupAAZ"
"3605","11","1","电机后轴承轴振Ｘ","djhzz1","","","","","331","","","91","","","","","","","","1","1","","","","1","0","1","","","","AAAhYhAAGAAAZupAAa"
"3607","11","1","电机后轴承轴振Ｙ","djhzz2","","","","","333","","","92","","","","","","","","1","1","","","","1","0","1","","","","AAAhYhAAGAAAZupAAb"
"3609","11","1","汽机功率","qjgl","MW","","","","99","","","122","","","","","","","","1","1","","","","1","0","1","","","","AAAhYhAAGAAAZupAAc"
"3611","11","1","汽机转速","qjzs","","","","","103","","","123","","","","","","","","1","1","","","","1","0","1","","","","AAAhYhAAGAAAZupAAd"
"3613","11","1","机组热负荷","jzrfh","","","","","638","","","166","","","1","","","","","1","1","","","","1","0","1","","","","AAAhYhAAGAAAZupAAe"
"3615","11","1","汽机转角","qjzj","","","","","107","","","124","","","","","","","","1","1","","","","1","0","1","","","","AAAhYhAAGAAAZupAAf"
"3617","11","1","高压缸入口蒸汽压力","zygrkzqyl","MPa","","","","109","","","125","","","","","","","","1","1","","","","1","0","1","","","","AAAhYhAAGAAAZupAAg"
"3619","11","1","高压缸入口蒸汽温度","gygrkzqwd","℃","","","","129","","","126","","","","","","","","1","1","","","","1","0","1","","","","AAAhYhAAGAAAZupAAh"
"3621","11","1","高压缸排汽压力","gygpqyl","MPa","","","","135","","","127","","","","","","","","1","1","","","","1","0","1","","","","AAAhYhAAGAAAZupAAi"
"3623","11","1","高压缸排汽温度","gygpqwd","℃","","","","139","","","128","","","","","","","","1","1","","","","1","0","1","","","","AAAhYhAAGAAAZupAAj"
"3625","11","1","中压缸进口蒸汽压力","zygjkzqyl","MPa","","","","157","","","129","","0","","","","","0","1","1","","","","1","","1","","","","AAAhYhAAGAAAZupAAk"
"3627","11","1","中压缸入口蒸汽温度","zygrkzqwd","℃","","","","163","","","130","","","","","","","","1","1","","","","1","0","1","","","","AAAhYhAAGAAAZupAAl"
"3629","11","1","中压缸排汽压力","zygpqyl","MPa","","","","169","","","131","","","","","","","","1","1","","","","1","0","1","","","","AAAhYhAAGAAAZupAAm"
"3631","11","1","中压缸排汽温度","zygpqwd","℃","","","","171","","","132","","","","","","","","1","1","","","","1","0","1","","","","AAAhYhAAGAAAZupAAn"
"3633","11","1","低压缸入口蒸汽压力","dygrkzqyl","MPa","","","","177","","","133","","","","","","","","1","1","","","","1","0","1","","","","AAAhYhAAGAAAZupAAo"
"3635","11","1","低压缸入口蒸汽温度","dygrkzqwd","℃","","","","181","","","134","","","","","","","","1","1","","","","1","0","1","","","","AAAhYhAAGAAAZupAAp"
"3637","11","1","低压缸排汽温度","dygpqwd","℃","","","","185","","","135","","","","","","","","1","1","","","","1","0","1","","","","AAAhYhAAGAAAZupAAq"
"3639","11","1","凝汽器真空","nqqzk","kPa","","","","187","","","136","","","","","","","","1","1","","","","1","0","1","","","","AAAhYhAAGAAAZupAAr"
"3641","11","1","循环水入口温度","xhsrkwd","℃","","","","189","","","137","","","","","","","","1","1","","","","1","0","1","","","","AAAhYhAAGAAAZupAAs"
"3643","11","1","汽机1#轴承瓦振 ","qjwz1","","","","","191","","","138","","","","","","","","1","1","","","","1","0","1","","","","AAAhYhAAGAAAZupAAt"
"3645","11","1","汽机1#轴承轴振X","qjzzx1","","","","","193","","","139","","","","","","","","1","1","","","","1","0","1","","","","AAAhYhAAGAAAZupAAu"
"3647","11","1","汽机2#轴承轴振X","qjzzx2","","","","","201","","","142","","","","","","","","1","1","","","","1","0","1","","","","AAAhYhAAGAAAZupAAv"
"3649","11","1","汽机2#轴承轴振Y","qjzzy2","","","","","203","","","143","","","","","","","","1","1","","","","1","0","1","","","","AAAhYhAAGAAAZupAAw"
"3651","11","1","汽机3#轴承瓦振 ","qjwz3","","","","","207","","","144","","","","","","","","1","1","","","","1","0","1","","","","AAAhYhAAGAAAZupAAx"
"3653","11","1","汽机3#轴承轴振X","qjzzx3","","","","","211","","","145","","","","","","","","1","1","","","","1","0","1","","","","AAAhYhAAGAAAZupAAy"
"3655","11","1","汽机3#轴承轴振Y","qjzzy3","","","","","215","","","146","","","","","","","","1","1","","","","1","0","1","","","","AAAhYhAAGAAAZupAAz"
"3657","11","1","汽机4#轴承瓦振 ","qjwz4","","","","","219","","","147","","","","","","","","1","1","","","","1","0","1","","","","AAAhYhAAGAAAZupAA0"
"3659","11","1","汽机4#轴承轴振Y","qjzzy4","","","","","229","","","149","","","","","","","","1","1","","","","1","0","1","","","","AAAhYhAAGAAAZupAA1"
"3661","11","1","汽机5#轴承轴振X","qjzzx5","","","","","235","","","151","","","","","","","","1","1","","","","1","0","1","","","","AAAhYhAAGAAAZupAA2"
"3663","11","1","汽机1#轴承轴振Y","qjzzy1","","","","","195","","","140","","","","","","","","1","1","","","","1","0","1","","","","AAAhYhAAGAAAZupAA3"
"3665","11","1","汽机2#轴承瓦振 ","qjwz2","","","","","197","","","141","","","","","","","","1","1","","","","1","0","1","","","","AAAhYhAAGAAAZupAA4"
"3667","11","1","汽机4#轴承轴振X","qjzzx4","","","","","221","","","148","","","","","","","","1","1","","","","1","0","1","","","","AAAhYhAAGAAAZupAA5"
"3669","11","1","汽机5#轴承瓦振 ","qjwz5","","","","","231","","","150","","","","","","","","1","1","","","","1","0","1","","","","AAAhYhAAGAAAZupAA6"
"3671","11","1","汽机5#轴承轴振Y","qjzzy5","","","","","239","","","152","","","","","","","","1","1","","","","1","0","1","","","","AAAhYhAAGAAAZupAA7"
"3673","11","1","汽机6#轴承瓦振 ","qjwz6","","","","","241","","","153","","","","","","","","1","1","","","","1","0","1","","","","AAAhYhAAGAAAZupAA8"
"3675","11","1","汽机6#轴承轴振X","qjzzx6","","","","","245","","","154","","","","","","","","1","1","","","","1","0","1","","","","AAAhYhAAGAAAZupAA9"
"3677","11","1","汽机6#轴承轴振Y","qjzzy6","","","","","249","","","155","","","","","","","","1","1","","","","1","0","1","","","","AAAhYhAAGAAAZupAA+"
"3679","11","1","汽轮机电机母线电压A","qljdjmxdya","","","","","253","","","156","","0","","","","","0","1","1","","","","1","","1","","","","AAAhYhAAGAAAZupAA/"
"3681","11","1","汽轮机电机母线电流A","qljdjmxdla","A","","","","257","","","157","","0","","","","","0","1","1","","","","1","","1","","","","AAAhYhAAGAAAZupABA"
"3683","11","1","汽轮机电机母线电流B","qljdjmxdlb","A","","","","610","","","162","","","","","","","","1","1","","","","1","0","1","","","","AAAhYhAAGAAAZupABB"
"3685","11","1","汽轮机电机母线电流C","qljdjmxdlc","A","","","","612","","","163","","","","","","","","1","1","","","","1","0","1","","","","AAAhYhAAGAAAZupABC"
"3687","11","1","汽轮机电机母线电压B","qljdjmxdyb","","","","","614","","","164","","","","","","","","1","1","","","","1","0","1","","","","AAAhYhAAGAAAZupABD"
"3689","11","1","汽轮机电机母线电压C","qljdjmxdyc","","","","","616","","","165","","","","","","","","1","1","","","","1","0","1","","","","AAAhYhAAGAAAZupABE"
"3770","13","1","发电热耗率","fdrhl","","","","","3770","","","171","","","","","","","","1","1","","","","1","0","1","","","","AAAhYhAAGAAAZupABF"
"3772","13","1","供电气耗率","gdqh","","","","","3772","","","172","","","","","","","","1","1","","","","1","0","1","","","","AAAhYhAAGAAAZupABG"
"3786","13","1","透平膨胀比","tppzb","","","","","3786","","","178","","","","","","","","1","1","","","","1","0","1","","","","AAAhYhAAGAAAZupABH"
"3782","13","1","透平入口烟气温度","tprkyqwd","℃","","","","3782","","","176","","","","","","","","1","1","","","","1","0","1","","","","AAAhYhAAGAAAZupABI"
"3784","13","1","透平入口烟气压力","tprkyqyl","MPa","","","","3784","","","177","","","","","","","","1","1","","","","1","0","1","","","","AAAhYhAAGAAAZupABJ"
"3794","13","1","汽机绝热效率","qjjrxl","%","","","","3794","","","182","","","","","","","","1","1","","","","1","0","1","","","","AAAhYhAAGAAAZupABK"
"3796","13","1","高压缸效率","gygxl","%","","","","3796","","","183","","","","","","","","1","1","","","","1","0","1","","","","AAAhYhAAGAAAZupABL"
"3798","13","1","中压缸效率","zygxl","%","","","","3798","","","184","","","","","","","","1","1","","","","1","0","1","","","","AAAhYhAAGAAAZupABM"
"3800","13","1","低压缸效率","dygxl","%","","","","3800","","","185","","","","","","","","1","1","","","","1","0","1","","","","AAAhYhAAGAAAZupABN"
"3802","11","1","机组热效率","ssrxl","%","","","","3802","","","170","","","","","","","","1","1","","","","1","0","1","","","","AAAhYhAAGAAAZupABO"
"3804","11","1","发电热耗率","fdrhl","","","","","3804","","","171","","","","","","","","1","1","","","","1","0","1","","","","AAAhYhAAGAAAZupABP"
"3806","11","1","供电气耗率","gdqhl","","","","","3806","","","172","","","","","","","","1","1","","","","1","0","1","","","","AAAhYhAAGAAAZupABQ"
"3808","11","1","余热锅炉效率","yrglxl","%","","","","3808","","","173","","","","","","","","1","1","","","","1","0","1","","","","AAAhYhAAGAAAZupABR"
"3810","11","1","透平入口烟气温度","tprkyqwd","℃","","","","3810","","","176","","","","","","","","1","1","","","","1","0","1","","","","AAAhYhAAGAAAZupABS"
"3812","11","1","透平入口烟气压力","tprkyqyl","MPa","","","","3812","","","177","","","","","","","","1","1","","","","1","0","1","","","","AAAhYhAAGAAAZupABT"
"3814","11","1","透平膨胀比","tppzb","","","","","3814","","","178","","","","","","","","1","1","","","","1","0","1","","","","AAAhYhAAGAAAZupABU"
"3816","11","1","透平绝热效率","tpjrx","%","","","","3816","","","179","","","","","","","","1","1","","","","1","0","1","","","","AAAhYhAAGAAAZupABV"
"3818","11","1","压气机压比","yqjyb","","","","","3818","","","174","","","","","","","","1","1","","","","1","0","1","","","","AAAhYhAAGAAAZupABW"
"3820","11","1","压气机效率","yqjx","%","","","","3820","","","175","","","","","","","","1","1","","","","1","0","1","","","","AAAhYhAAGAAAZupABX"
"3822","11","1","燃机效率","rjxl","%","","","","3822","","","180","","","","","","","","1","1","","","","1","0","1","","","","AAAhYhAAGAAAZupABY"
"3824","11","1","燃机气耗率","rjqhl","","","","","3824","","","181","","","","","","","","1","1","","","","1","0","1","","","","AAAhYhAAGAAAZupABZ"
"3826","11","1","汽机绝热效率","qjjrxl","%","","","","3826","","","182","","","","","","","","1","1","","","","1","0","1","","","","AAAhYhAAGAAAZupABa"
"3828","11","1","高压缸效率","gygxl","%","","","","3828","","","183","","","","","","","","1","1","","","","1","0","1","","","","AAAhYhAAGAAAZupABb"
"3830","11","1","中压缸效率","zygxl","%","","","","3830","","","184","","","","","","","","1","1","","","","1","0","1","","","","AAAhYhAAGAAAZupABc"
"3832","11","1","低压缸效率","dygxl","%","","","","3832","","","185","","","","","","","","1","1","","","","1","0","1","","","","AAAhYhAAGAAAZupABd"
"3726","16","1","压气机压比","yqjyb","","","","","3726","","","174","","","","","","","","1","1","","","","1","0","1","","","","AAAhYhAAGAAAZuuAAA"
"3728","16","1","压气机效率","yqjx","%","","","","3728","","","175","","","","","","","","1","1","","","","1","0","1","","","","AAAhYhAAGAAAZuuAAB"
"3738","16","1","燃机效率","rjxl","%","","","","3738","","","180","","","","","","","","1","1","","","","1","0","1","","","","AAAhYhAAGAAAZuuAAC"
"3740","16","1","燃机气耗率","rjqhl","","","","","3740","","","181","","","","","","","","1","1","","","","1","0","1","","","","AAAhYhAAGAAAZuuAAD"
"3742","16","1","汽机绝热效率","qjjrxl","%","","","","3742","","","182","","","","","","","","1","1","","","","1","0","1","","","","AAAhYhAAGAAAZuuAAE"
"3744","16","1","高压缸效率","gygxl","%","","","","3744","","","183","","","","","","","","1","1","","","","1","0","1","","","","AAAhYhAAGAAAZuuAAF"
"3746","16","1","中压缸效率","zygxl","%","","","","3746","","","184","","","1","","","","","1","1","","","","1","0","1","","","","AAAhYhAAGAAAZuuAAG"
"3748","16","1","低压缸效率","dygxl","","","","","3748","","","185","","","","","","","","1","1","","","","1","0","1","","","","AAAhYhAAGAAAZuuAAH"
"3768","13","1","机组热效率","ssrxl","%","","","","3768","","","170","","","","","","","","1","1","","","","1","0","1","","","","AAAhYhAAGAAAZuuAAI"
"3774","13","1","余热锅炉效率","yrglxl","%","","","","3774","","","173","","","","","","","","1","1","","","","1","0","1","","","","AAAhYhAAGAAAZuuAAJ"
"3776","13","1","压气机压比","yqjyb","","","","","3776","","","174","","","","","","","","1","1","","","","1","0","1","","","","AAAhYhAAGAAAZuuAAK"
"3778","13","1","压气机效率","yqjx","%","","","","3778","","","175","","","","","","","","1","1","","","","1","0","1","","","","AAAhYhAAGAAAZuuAAL"
"3788","13","1","透平绝热效率","tpjrx","%","","","","3788","","","179","","","","","","","","1","1","","","","1","0","1","","","","AAAhYhAAGAAAZuuAAM"
"3790","13","1","燃机效率","rjxl","%","","","","3790","","","180","","","","","","","","1","1","","","","1","0","1","","","","AAAhYhAAGAAAZuuAAN"
"3792","13","1","燃机气耗率","rjqhl","","","","","3792","","","181","","","","","","","","1","1","","","","1","0","1","","","","AAAhYhAAGAAAZuuAAO"
"3720","16","1","发电热耗率","fdrhl","1","","","","3720","","","171","","","","","","","","1","1","","","","1","0","1","","","","AAAhYhAAGAAAZuwAAA"
"3722","16","1","供电气耗率","gdqh","","","","","3722","","","172","","","","","","","","1","1","","","","1","0","1","","","","AAAhYhAAGAAAZuwAAB"
"3724","16","1","余热锅炉效率","yrglxl","%","","","","3724","","","173","","","","","","","","1","1","","","","1","0","1","","","","AAAhYhAAGAAAZuwAAC"
"3730","16","1","透平入口烟气温度","tprkyqwd","℃","","","","3730","","","176","","0","","","","","0","1","1","","","","1","","1","","","","AAAhYhAAGAAAZuwAAD"
"3732","16","1","透平入口烟气压力","tprkyqyl","MPa","","","","3732","","","177","","0","","","","","0","1","1","","","","1","","1","","","","AAAhYhAAGAAAZuwAAE"
"3734","16","1","透平膨胀比","tppzb","%","","","","3734","","","178","","","","","","","","1","1","","","","1","0","1","","","","AAAhYhAAGAAAZuwAAF"
"3736","16","1","透平绝热效率","tpjrx","%","","","","3736","","","179","","","","","","","","1","1","","","","1","0","1","","","","AAAhYhAAGAAAZuwAAG"
"3718","16","1","机组热效率","ssrxl","%","","","","3718","","","170","","","","","","","","1","1","","","","1","0","1","","","","AAAhYhAAGAAAZuwABd"
